-- 개정이력: 2026.06.17  구재호   TB_ 명명규칙 현행화 및 기업 전용 테이블 추가 (Spring Boot + Thymeleaf 전환)
INSERT INTO IDS (TABLE_NAME, NEXT_ID) VALUES ('BBS_ID', 1);
INSERT INTO IDS (TABLE_NAME, NEXT_ID) VALUES ('FILE_ID', 1);
INSERT INTO IDS (TABLE_NAME, NEXT_ID) VALUES ('SAMPLE', 1);
INSERT INTO IDS (TABLE_NAME, NEXT_ID) VALUES ('SCHDUL_ID', 1);
INSERT INTO IDS (TABLE_NAME, NEXT_ID) VALUES ('TMPLAT_ID', 1);
INSERT INTO COMTECOPSEQ (TABLE_NAME, NEXT_ID) VALUES ('USRCNFRM_ID', 20);
INSERT INTO TB_CMMN_CL_CODE (CL_CODE, CL_CODE_NM, CL_CODE_DC, USE_AT, FRST_REGIST_PNTTM, FRST_REGISTER_ID, LAST_UPDT_PNTTM, LAST_UPDUSR_ID) VALUES ('LET', '전자정부 프레임워크 경량환경 템플릿', '전자정부 프레임워크 경량환경 템플릿', 'Y', '2011-08-31 00:00:00.000000000', 'SYSTEM', '2011-08-31 00:00:00.000000000', 'SYSTEM');
INSERT INTO TB_CMMN_CODE (CODE_ID, CODE_ID_NM, CODE_ID_DC, USE_AT, CL_CODE, FRST_REGIST_PNTTM, FRST_REGISTER_ID, LAST_UPDT_PNTTM, LAST_UPDUSR_ID) VALUES ('COM001', '등록구분', '게시판, 커뮤니티, 동호회 등록구분코드', 'Y', 'LET', '2011-08-31 00:00:00.000000000', 'SYSTEM', '2011-08-31 00:00:00.000000000', 'SYSTEM');
INSERT INTO TB_CMMN_CODE (CODE_ID, CODE_ID_NM, CODE_ID_DC, USE_AT, CL_CODE, FRST_REGIST_PNTTM, FRST_REGISTER_ID, LAST_UPDT_PNTTM, LAST_UPDUSR_ID) VALUES ('COM003', '업무구분', '업무구분코드', 'Y', 'LET', '2011-08-31 00:00:00.000000000', 'SYSTEM', '2011-08-31 00:00:00.000000000', 'SYSTEM');
INSERT INTO TB_CMMN_CODE (CODE_ID, CODE_ID_NM, CODE_ID_DC, USE_AT, CL_CODE, FRST_REGIST_PNTTM, FRST_REGISTER_ID, LAST_UPDT_PNTTM, LAST_UPDUSR_ID) VALUES ('COM004', '게시판유형', '게시판유형구분코드', 'Y', 'LET', '2011-08-31 00:00:00.000000000', 'SYSTEM', '2011-08-31 00:00:00.000000000', 'SYSTEM');
INSERT INTO TB_CMMN_CODE (CODE_ID, CODE_ID_NM, CODE_ID_DC, USE_AT, CL_CODE, FRST_REGIST_PNTTM, FRST_REGISTER_ID, LAST_UPDT_PNTTM, LAST_UPDUSR_ID) VALUES ('COM005', '템플릿유형', '템플릿유형구분코드', 'Y', 'LET', '2011-08-31 00:00:00.000000000', 'SYSTEM', '2011-08-31 00:00:00.000000000', 'SYSTEM');
INSERT INTO TB_CMMN_CODE (CODE_ID, CODE_ID_NM, CODE_ID_DC, USE_AT, CL_CODE, FRST_REGIST_PNTTM, FRST_REGISTER_ID, LAST_UPDT_PNTTM, LAST_UPDUSR_ID) VALUES ('COM009', '게시판속성', '게시판 속성', 'Y', 'LET', '2011-08-31 00:00:00.000000000', 'SYSTEM', '2011-08-31 00:00:00.000000000', 'SYSTEM');
INSERT INTO TB_CMMN_CODE (CODE_ID, CODE_ID_NM, CODE_ID_DC, USE_AT, CL_CODE, FRST_REGIST_PNTTM, FRST_REGISTER_ID, LAST_UPDT_PNTTM, LAST_UPDUSR_ID) VALUES ('COM019', '일정중요도', '일정중요도 낮음/보통/높음 상태구분', 'Y', 'LET', '2011-08-31 00:00:00.000000000', 'SYSTEM', '2011-08-31 00:00:00.000000000', 'SYSTEM');
INSERT INTO TB_CMMN_CODE (CODE_ID, CODE_ID_NM, CODE_ID_DC, USE_AT, CL_CODE, FRST_REGIST_PNTTM, FRST_REGISTER_ID, LAST_UPDT_PNTTM, LAST_UPDUSR_ID) VALUES ('COM030', '일정구분', '일정구분 코드', 'Y', 'LET', '2011-08-31 00:00:00.000000000', 'SYSTEM', '2011-08-31 00:00:00.000000000', 'SYSTEM');
INSERT INTO TB_CMMN_CODE (CODE_ID, CODE_ID_NM, CODE_ID_DC, USE_AT, CL_CODE, FRST_REGIST_PNTTM, FRST_REGISTER_ID, LAST_UPDT_PNTTM, LAST_UPDUSR_ID) VALUES ('COM031', '반복구분', '일정 반복구분 코드', 'Y', 'LET', '2011-08-31 00:00:00.000000000', 'SYSTEM', '2011-08-31 00:00:00.000000000', 'SYSTEM');
INSERT INTO TB_CMMN_CODE (CODE_ID, CODE_ID_NM, CODE_ID_DC, USE_AT, CL_CODE, FRST_REGIST_PNTTM, FRST_REGISTER_ID, LAST_UPDT_PNTTM, LAST_UPDUSR_ID) VALUES ('COM017', '휴일구분', '휴일구분 코드', 'Y', 'LET', '2011-08-31 00:00:00.000000000', 'SYSTEM', '2011-08-31 00:00:00.000000000', 'SYSTEM');
INSERT INTO TB_CMMN_DETAIL_CODE (CODE_ID, CODE, CODE_NM, CODE_DC, USE_AT, FRST_REGIST_PNTTM, FRST_REGISTER_ID, LAST_UPDT_PNTTM, LAST_UPDUSR_ID) VALUES ('COM001', 'REGC01', '단일 게시판 이용등록', '단일 게시판 이용등록', 'Y', '2011-08-31 00:00:00.000000000', 'SYSTEM', '2011-08-31 00:00:00.000000000', 'SYSTEM');
INSERT INTO TB_CMMN_DETAIL_CODE (CODE_ID, CODE, CODE_NM, CODE_DC, USE_AT, FRST_REGIST_PNTTM, FRST_REGISTER_ID, LAST_UPDT_PNTTM, LAST_UPDUSR_ID) VALUES ('COM001', 'REGC07', '게시판사용자등록', '게시판사용자등록', 'Y', '2011-08-31 00:00:00.000000000', 'SYSTEM', '2011-08-31 00:00:00.000000000', 'SYSTEM');
INSERT INTO TB_CMMN_DETAIL_CODE (CODE_ID, CODE, CODE_NM, CODE_DC, USE_AT, FRST_REGIST_PNTTM, FRST_REGISTER_ID, LAST_UPDT_PNTTM, LAST_UPDUSR_ID) VALUES ('COM003', 'BBS', '게시판', '게시판', 'Y', '2011-08-31 00:00:00.000000000', 'SYSTEM', '2011-08-31 00:00:00.000000000', 'SYSTEM');
INSERT INTO TB_CMMN_DETAIL_CODE (CODE_ID, CODE, CODE_NM, CODE_DC, USE_AT, FRST_REGIST_PNTTM, FRST_REGISTER_ID, LAST_UPDT_PNTTM, LAST_UPDUSR_ID) VALUES ('COM004', 'BBST01', '일반게시판', '일반게시판', 'Y', '2011-08-31 00:00:00.000000000', 'SYSTEM', '2011-08-31 00:00:00.000000000', 'SYSTEM');
INSERT INTO TB_CMMN_DETAIL_CODE (CODE_ID, CODE, CODE_NM, CODE_DC, USE_AT, FRST_REGIST_PNTTM, FRST_REGISTER_ID, LAST_UPDT_PNTTM, LAST_UPDUSR_ID) VALUES ('COM004', 'BBST02', '익명게시판', '익명게시판', 'Y', '2011-08-31 00:00:00.000000000', 'SYSTEM', '2011-08-31 00:00:00.000000000', 'SYSTEM');
INSERT INTO TB_CMMN_DETAIL_CODE (CODE_ID, CODE, CODE_NM, CODE_DC, USE_AT, FRST_REGIST_PNTTM, FRST_REGISTER_ID, LAST_UPDT_PNTTM, LAST_UPDUSR_ID) VALUES ('COM004', 'BBST03', '공지게시판', '공지게시판', 'Y', '2011-08-31 00:00:00.000000000', 'SYSTEM', '2011-08-31 00:00:00.000000000', 'SYSTEM');
INSERT INTO TB_CMMN_DETAIL_CODE (CODE_ID, CODE, CODE_NM, CODE_DC, USE_AT, FRST_REGIST_PNTTM, FRST_REGISTER_ID, LAST_UPDT_PNTTM, LAST_UPDUSR_ID) VALUES ('COM004', 'BBST04', '방명록', '방명록', 'Y', '2011-08-31 00:00:00.000000000', 'SYSTEM', '2011-08-31 00:00:00.000000000', 'SYSTEM');
INSERT INTO TB_CMMN_DETAIL_CODE (CODE_ID, CODE, CODE_NM, CODE_DC, USE_AT, FRST_REGIST_PNTTM, FRST_REGISTER_ID, LAST_UPDT_PNTTM, LAST_UPDUSR_ID) VALUES ('COM005', 'TMPT01', '게시판템플릿', '게시판템플릿', 'Y', '2011-08-31 00:00:00.000000000', 'SYSTEM', '2011-08-31 00:00:00.000000000', 'SYSTEM');
INSERT INTO TB_CMMN_DETAIL_CODE (CODE_ID, CODE, CODE_NM, CODE_DC, USE_AT, FRST_REGIST_PNTTM, FRST_REGISTER_ID, LAST_UPDT_PNTTM, LAST_UPDUSR_ID) VALUES ('COM009', 'BBSA01', '유효게시판', '유효게시판', 'Y', '2011-08-31 00:00:00.000000000', 'SYSTEM', '2011-08-31 00:00:00.000000000', 'SYSTEM');
INSERT INTO TB_CMMN_DETAIL_CODE (CODE_ID, CODE, CODE_NM, CODE_DC, USE_AT, FRST_REGIST_PNTTM, FRST_REGISTER_ID, LAST_UPDT_PNTTM, LAST_UPDUSR_ID) VALUES ('COM009', 'BBSA02', '갤러리', '갤러리', 'Y', '2011-08-31 00:00:00.000000000', 'SYSTEM', '2011-08-31 00:00:00.000000000', 'SYSTEM');
INSERT INTO TB_CMMN_DETAIL_CODE (CODE_ID, CODE, CODE_NM, CODE_DC, USE_AT, FRST_REGIST_PNTTM, FRST_REGISTER_ID, LAST_UPDT_PNTTM, LAST_UPDUSR_ID) VALUES ('COM009', 'BBSA03', '일반게시판', '일반게시판', 'Y', '2011-08-31 00:00:00.000000000', 'SYSTEM', '2011-08-31 00:00:00.000000000', 'SYSTEM');
INSERT INTO TB_CMMN_DETAIL_CODE (CODE_ID, CODE, CODE_NM, CODE_DC, USE_AT, FRST_REGIST_PNTTM, FRST_REGISTER_ID, LAST_UPDT_PNTTM, LAST_UPDUSR_ID) VALUES ('COM019', 'A', '높음', '높음', 'Y', '2011-08-31 00:00:00.000000000', 'SYSTEM', '2011-08-31 00:00:00.000000000', 'SYSTEM');
INSERT INTO TB_CMMN_DETAIL_CODE (CODE_ID, CODE, CODE_NM, CODE_DC, USE_AT, FRST_REGIST_PNTTM, FRST_REGISTER_ID, LAST_UPDT_PNTTM, LAST_UPDUSR_ID) VALUES ('COM019', 'B', '보통', '보통', 'Y', '2011-08-31 00:00:00.000000000', 'SYSTEM', '2011-08-31 00:00:00.000000000', 'SYSTEM');
INSERT INTO TB_CMMN_DETAIL_CODE (CODE_ID, CODE, CODE_NM, CODE_DC, USE_AT, FRST_REGIST_PNTTM, FRST_REGISTER_ID, LAST_UPDT_PNTTM, LAST_UPDUSR_ID) VALUES ('COM019', 'C', '낮음', '낮음', 'Y', '2011-08-31 00:00:00.000000000', 'SYSTEM', '2011-08-31 00:00:00.000000000', 'SYSTEM');
INSERT INTO TB_CMMN_DETAIL_CODE (CODE_ID, CODE, CODE_NM, CODE_DC, USE_AT, FRST_REGIST_PNTTM, FRST_REGISTER_ID, LAST_UPDT_PNTTM, LAST_UPDUSR_ID) VALUES ('COM030', '1', '회의', '회의', 'Y', '2011-08-31 00:00:00.000000000', 'SYSTEM', '2011-08-31 00:00:00.000000000', 'SYSTEM');
INSERT INTO TB_CMMN_DETAIL_CODE (CODE_ID, CODE, CODE_NM, CODE_DC, USE_AT, FRST_REGIST_PNTTM, FRST_REGISTER_ID, LAST_UPDT_PNTTM, LAST_UPDUSR_ID) VALUES ('COM030', '2', '세미나', '세미나', 'Y', '2011-08-31 00:00:00.000000000', 'SYSTEM', '2011-08-31 00:00:00.000000000', 'SYSTEM');
INSERT INTO TB_CMMN_DETAIL_CODE (CODE_ID, CODE, CODE_NM, CODE_DC, USE_AT, FRST_REGIST_PNTTM, FRST_REGISTER_ID, LAST_UPDT_PNTTM, LAST_UPDUSR_ID) VALUES ('COM030', '3', '강의', '강의', 'Y', '2011-08-31 00:00:00.000000000', 'SYSTEM', '2011-08-31 00:00:00.000000000', 'SYSTEM');
INSERT INTO TB_CMMN_DETAIL_CODE (CODE_ID, CODE, CODE_NM, CODE_DC, USE_AT, FRST_REGIST_PNTTM, FRST_REGISTER_ID, LAST_UPDT_PNTTM, LAST_UPDUSR_ID) VALUES ('COM030', '4', '교육', '교육', 'Y', '2011-08-31 00:00:00.000000000', 'SYSTEM', '2011-08-31 00:00:00.000000000', 'SYSTEM');
INSERT INTO TB_CMMN_DETAIL_CODE (CODE_ID, CODE, CODE_NM, CODE_DC, USE_AT, FRST_REGIST_PNTTM, FRST_REGISTER_ID, LAST_UPDT_PNTTM, LAST_UPDUSR_ID) VALUES ('COM030', '5', '기타', '기타', 'Y', '2011-08-31 00:00:00.000000000', 'SYSTEM', '2011-08-31 00:00:00.000000000', 'SYSTEM');
INSERT INTO TB_CMMN_DETAIL_CODE (CODE_ID, CODE, CODE_NM, CODE_DC, USE_AT, FRST_REGIST_PNTTM, FRST_REGISTER_ID, LAST_UPDT_PNTTM, LAST_UPDUSR_ID) VALUES ('COM031', '1', '당일', '당일', 'Y', '2011-08-31 00:00:00.000000000', 'SYSTEM', '2011-08-31 00:00:00.000000000', 'SYSTEM');
INSERT INTO TB_CMMN_DETAIL_CODE (CODE_ID, CODE, CODE_NM, CODE_DC, USE_AT, FRST_REGIST_PNTTM, FRST_REGISTER_ID, LAST_UPDT_PNTTM, LAST_UPDUSR_ID) VALUES ('COM031', '2', '반복', '반복', 'Y', '2011-08-31 00:00:00.000000000', 'SYSTEM', '2011-08-31 00:00:00.000000000', 'SYSTEM');
INSERT INTO TB_CMMN_DETAIL_CODE (CODE_ID, CODE, CODE_NM, CODE_DC, USE_AT, FRST_REGIST_PNTTM, FRST_REGISTER_ID, LAST_UPDT_PNTTM, LAST_UPDUSR_ID) VALUES ('COM031', '3', '연속', '연속', 'Y', '2011-08-31 00:00:00.000000000', 'SYSTEM', '2011-08-31 00:00:00.000000000', 'SYSTEM');
INSERT INTO TB_CMMN_DETAIL_CODE (CODE_ID, CODE, CODE_NM, CODE_DC, USE_AT, FRST_REGIST_PNTTM, FRST_REGISTER_ID, LAST_UPDT_PNTTM, LAST_UPDUSR_ID) VALUES ('COM031', '4', '요일반복', '요일반복', 'Y', '2011-08-31 00:00:00.000000000', 'SYSTEM', '2011-08-31 00:00:00.000000000', 'SYSTEM');
INSERT INTO TB_CMMN_DETAIL_CODE (CODE_ID, CODE, CODE_NM, CODE_DC, USE_AT, FRST_REGIST_PNTTM, FRST_REGISTER_ID, LAST_UPDT_PNTTM, LAST_UPDUSR_ID) VALUES ('COM017', 'RES001', '국경일', '국경일', 'Y', '2011-08-31 00:00:00.000000000', 'SYSTEM', '2011-08-31 00:00:00.000000000', 'SYSTEM');
INSERT INTO TB_CMMN_DETAIL_CODE (CODE_ID, CODE, CODE_NM, CODE_DC, USE_AT, FRST_REGIST_PNTTM, FRST_REGISTER_ID, LAST_UPDT_PNTTM, LAST_UPDUSR_ID) VALUES ('COM017', 'RES002', '공휴일', '공휴일', 'Y', '2011-08-31 00:00:00.000000000', 'SYSTEM', '2011-08-31 00:00:00.000000000', 'SYSTEM');
INSERT INTO TB_CMMN_DETAIL_CODE (CODE_ID, CODE, CODE_NM, CODE_DC, USE_AT, FRST_REGIST_PNTTM, FRST_REGISTER_ID, LAST_UPDT_PNTTM, LAST_UPDUSR_ID) VALUES ('COM017', 'RES003', '기념일', '기념일', 'Y', '2011-08-31 00:00:00.000000000', 'SYSTEM', '2011-08-31 00:00:00.000000000', 'SYSTEM');
INSERT INTO TB_RESTDE (RESTDE_NO, RESTDE_DE, RESTDE_NM, RESTDE_DC, RESTDE_SE_CODE, FRST_REGIST_PNTTM, FRST_REGISTER_ID, LAST_UPDT_PNTTM, LAST_UPDUSR_ID) VALUES (1, '20260101', '신정', '새해 첫날', 'RES002', '2026-01-01 00:00:00.000000000', 'SYSTEM', NULL, NULL);
INSERT INTO TB_RESTDE (RESTDE_NO, RESTDE_DE, RESTDE_NM, RESTDE_DC, RESTDE_SE_CODE, FRST_REGIST_PNTTM, FRST_REGISTER_ID, LAST_UPDT_PNTTM, LAST_UPDUSR_ID) VALUES (2, '20260301', '삼일절', '3.1절', 'RES001', '2026-01-01 00:00:00.000000000', 'SYSTEM', NULL, NULL);
INSERT INTO TB_RESTDE (RESTDE_NO, RESTDE_DE, RESTDE_NM, RESTDE_DC, RESTDE_SE_CODE, FRST_REGIST_PNTTM, FRST_REGISTER_ID, LAST_UPDT_PNTTM, LAST_UPDUSR_ID) VALUES (3, '20260505', '어린이날', '어린이날', 'RES002', '2026-01-01 00:00:00.000000000', 'SYSTEM', NULL, NULL);
INSERT INTO TB_RESTDE (RESTDE_NO, RESTDE_DE, RESTDE_NM, RESTDE_DC, RESTDE_SE_CODE, FRST_REGIST_PNTTM, FRST_REGISTER_ID, LAST_UPDT_PNTTM, LAST_UPDUSR_ID) VALUES (4, '20260606', '현충일', '현충일', 'RES003', '2026-01-01 00:00:00.000000000', 'SYSTEM', NULL, NULL);
INSERT INTO TB_RESTDE (RESTDE_NO, RESTDE_DE, RESTDE_NM, RESTDE_DC, RESTDE_SE_CODE, FRST_REGIST_PNTTM, FRST_REGISTER_ID, LAST_UPDT_PNTTM, LAST_UPDUSR_ID) VALUES (5, '20260815', '광복절', '광복절', 'RES001', '2026-01-01 00:00:00.000000000', 'SYSTEM', NULL, NULL);
INSERT INTO TB_ORGNZT_INFO (ORGNZT_ID, ORGNZT_NM, ORGNZT_DC, FRST_REGIST_PNTTM, FRST_REGISTER_ID, LAST_UPDT_PNTTM, LAST_UPDUSR_ID) VALUES ('ORGNZT_0000000000000', '기본조직', '기본조직', '2011-08-31 00:00:00.000000000', 'SYSTEM', '2011-08-31 00:00:00.000000000', 'SYSTEM');
INSERT INTO TB_AUTHOR_GROUP_INFO (GROUP_ID, GROUP_NM, GROUP_CREAT_DE, GROUP_DC, FRST_REGIST_PNTTM, FRST_REGISTER_ID, LAST_UPDT_PNTTM, LAST_UPDUSR_ID) VALUES ('GROUP_00000000000000', 'ROLE_ADMIN', '2024-07-31', '관리자 그룹입니다', '2024-07-31 00:00:00.000000000', 'SYSTEM', '2024-07-31 00:00:00.000000000', 'SYSTEM');
INSERT INTO TB_AUTHOR_GROUP_INFO (GROUP_ID, GROUP_NM, GROUP_CREAT_DE, GROUP_DC, FRST_REGIST_PNTTM, FRST_REGISTER_ID, LAST_UPDT_PNTTM, LAST_UPDUSR_ID) VALUES ('GROUP_00000000000001', 'ROLE_USER', '2024-07-31', '사용자 그룹입니다', '2024-07-31 00:00:00.000000000', 'SYSTEM', '2024-07-31 00:00:00.000000000', 'SYSTEM');
INSERT INTO TB_EMPLYR_INFO (EMPLYR_ID, ORGNZT_ID, USER_NM, PASSWORD, EMPL_NO, IHIDNUM, SEXDSTN_CODE, BRTHDY, FXNUM, HOUSE_ADRES, PASSWORD_HINT, PASSWORD_CNSR, HOUSE_END_TELNO, AREA_NO, DETAIL_ADRES, ZIP, OFFM_TELNO, MBTLNUM, EMAIL_ADRES, OFCPS_NM, HOUSE_MIDDLE_TELNO, GROUP_ID, PSTINST_CODE, EMPLYR_STTUS_CODE, ESNTL_ID, CRTFC_DN_VALUE, SBSCRB_DE, FRST_REGIST_PNTTM, FRST_REGISTER_ID, LAST_UPDT_PNTTM, LAST_UPDUSR_ID) VALUES ('admin', 'ORGNZT_0000000000000', '관리자', 'JfQ7FIatlaE5jj7rPYO8QBABX8yb7bNbQy4AKY1QIfc=', '', '', 'F', '', '', '관리자 주소', '', '', '', '', '', '', '', '', '', '', '', 'GROUP_00000000000000', '00000000', 'P', 'USRCNFRM_00000000000', '', '2011-08-31 00:00:00.000000000', '2011-08-31 00:00:00.000000000', 'SYSTEM', '2011-08-31 00:00:00.000000000', 'SYSTEM');
INSERT INTO TB_EMPLYR_INFO (EMPLYR_ID, ORGNZT_ID, USER_NM, PASSWORD, EMPL_NO, IHIDNUM, SEXDSTN_CODE, BRTHDY, FXNUM, HOUSE_ADRES, PASSWORD_HINT, PASSWORD_CNSR, HOUSE_END_TELNO, AREA_NO, DETAIL_ADRES, ZIP, OFFM_TELNO, MBTLNUM, EMAIL_ADRES, OFCPS_NM, HOUSE_MIDDLE_TELNO, GROUP_ID, PSTINST_CODE, EMPLYR_STTUS_CODE, ESNTL_ID, CRTFC_DN_VALUE, SBSCRB_DE, FRST_REGIST_PNTTM, FRST_REGISTER_ID, LAST_UPDT_PNTTM, LAST_UPDUSR_ID) VALUES ('user', 'ORGNZT_0000000000000', '사용자', 'CgQblGLKpKMbrDVn4Lbm/ZEAeH2yq0M9lvbReMq/zpA=', '', '', 'F', '', '', '사용자 주소', '', '', '', '', '', '', '', '', '', '', '', 'GROUP_00000000000001', '00000000', 'P', 'USRCNFRM_00000000001', '', '2011-08-31 00:00:00.000000000', '2011-08-31 00:00:00.000000000', 'SYSTEM', '2011-08-31 00:00:00.000000000', 'SYSTEM');
INSERT INTO TB_BBS_MASTER (BBS_ID, BBS_NM, BBS_INTRCN, BBS_TY_CODE, BBS_ATTRB_CODE, REPLY_POSBL_AT, FILE_ATCH_POSBL_AT, ATCH_POSBL_FILE_NUMBER, ATCH_POSBL_FILE_SIZE, USE_AT, TMPLAT_ID, FRST_REGIST_PNTTM, FRST_REGISTER_ID, LAST_UPDT_PNTTM, LAST_UPDUSR_ID) VALUES ('BBSMSTR_AAAAAAAAAAAA', '공지사항', '공지사항게시판', 'BBST03', 'BBSA03', 'Y', 'Y', 2, 5242880, 'Y', 'TMPLAT_BOARD_DEFAULT', '2011-08-31 12:00:00.000000000', 'USRCNFRM_00000000000', '2011-08-31 12:00:00.000000000', 'USRCNFRM_00000000000');
INSERT INTO TB_BBS_MASTER (BBS_ID, BBS_NM, BBS_INTRCN, BBS_TY_CODE, BBS_ATTRB_CODE, REPLY_POSBL_AT, FILE_ATCH_POSBL_AT, ATCH_POSBL_FILE_NUMBER, ATCH_POSBL_FILE_SIZE, USE_AT, TMPLAT_ID, FRST_REGIST_PNTTM, FRST_REGISTER_ID, LAST_UPDT_PNTTM, LAST_UPDUSR_ID) VALUES ('BBSMSTR_BBBBBBBBBBBB', '갤러리', '갤러리게시판', 'BBST01', 'BBSA02', 'Y', 'Y', 2, 5242880, 'Y', 'TMPLAT_BOARD_DEFAULT', '2011-08-31 12:00:00.000000000', 'USRCNFRM_00000000000', '2011-08-31 12:00:00.000000000', 'USRCNFRM_00000000000');
INSERT INTO TB_BBS_MASTER (BBS_ID, BBS_NM, BBS_INTRCN, BBS_TY_CODE, BBS_ATTRB_CODE, REPLY_POSBL_AT, FILE_ATCH_POSBL_AT, ATCH_POSBL_FILE_NUMBER, ATCH_POSBL_FILE_SIZE, USE_AT, TMPLAT_ID, FRST_REGIST_PNTTM, FRST_REGISTER_ID, LAST_UPDT_PNTTM, LAST_UPDUSR_ID) VALUES ('BBSMSTR_CCCCCCCCCCCC', '자료실', '자료실게시판', 'BBST01', 'BBSA03', 'Y', 'Y', 2, 5242880, 'Y', 'TMPLAT_BOARD_DEFAULT', '2011-08-31 12:00:00.000000000', 'USRCNFRM_00000000000', '2011-08-31 12:00:00.000000000', 'USRCNFRM_00000000000');
INSERT INTO TB_BBS_USE (BBS_ID, TRGET_ID, USE_AT, REGIST_SE_CODE, FRST_REGIST_PNTTM, FRST_REGISTER_ID, LAST_UPDT_PNTTM, LAST_UPDUSR_ID) VALUES ('BBSMSTR_AAAAAAAAAAAA', 'SYSTEM_DEFAULT_BOARD', 'Y', 'REGC01', '2011-08-31 12:00:00.000000000', 'USRCNFRM_00000000000', '2011-08-31 12:00:00.000000000', 'USRCNFRM_00000000000');
INSERT INTO TB_BBS_USE (BBS_ID, TRGET_ID, USE_AT, REGIST_SE_CODE, FRST_REGIST_PNTTM, FRST_REGISTER_ID, LAST_UPDT_PNTTM, LAST_UPDUSR_ID) VALUES ('BBSMSTR_BBBBBBBBBBBB', 'SYSTEM_DEFAULT_BOARD', 'Y', 'REGC01', '2011-08-31 12:00:00.000000000', 'USRCNFRM_00000000000', '2011-08-31 12:00:00.000000000', 'USRCNFRM_00000000000');
INSERT INTO TB_BBS_USE (BBS_ID, TRGET_ID, USE_AT, REGIST_SE_CODE, FRST_REGIST_PNTTM, FRST_REGISTER_ID, LAST_UPDT_PNTTM, LAST_UPDUSR_ID) VALUES ('BBSMSTR_CCCCCCCCCCCC', 'SYSTEM_DEFAULT_BOARD', 'Y', 'REGC01', '2011-08-31 12:00:00.000000000', 'USRCNFRM_00000000000', '2011-08-31 12:00:00.000000000', 'USRCNFRM_00000000000');
INSERT INTO TB_BBS (NTT_ID, BBS_ID, NTT_NO, NTT_SJ, NTT_CN, ANSWER_AT, PARNTSCTT_NO, ANSWER_LC, SORT_ORDR, RDCNT, USE_AT, NTCE_BGNDE, NTCE_ENDDE, NTCR_ID, NTCR_NM, PASSWORD, ATCH_FILE_ID, FRST_REGIST_PNTTM, FRST_REGISTER_ID, LAST_UPDT_PNTTM, LAST_UPDUSR_ID) VALUES (1, 'BBSMSTR_AAAAAAAAAAAA', 1, '홈페이지 샘플공지1', '홈페이지 샘플공지1', 'N', 0, 0, 2, 0, 'Y', '10000101', '99991231', '', '', '', null, '2011-08-31 12:00:00.000000000', 'USRCNFRM_00000000000', null, null);
INSERT INTO TB_BBS (NTT_ID, BBS_ID, NTT_NO, NTT_SJ, NTT_CN, ANSWER_AT, PARNTSCTT_NO, ANSWER_LC, SORT_ORDR, RDCNT, USE_AT, NTCE_BGNDE, NTCE_ENDDE, NTCR_ID, NTCR_NM, PASSWORD, ATCH_FILE_ID, FRST_REGIST_PNTTM, FRST_REGISTER_ID, LAST_UPDT_PNTTM, LAST_UPDUSR_ID) VALUES (2, 'BBSMSTR_AAAAAAAAAAAA', 2, '홈페이지 샘플공지2', '홈페이지 샘플공지2', 'N', 0, 0, 2, 0, 'Y', '10000101', '99991231', '', '', '', null, '2011-08-31 12:00:00.000000000', 'USRCNFRM_00000000000', null, null);
INSERT INTO TB_BBS (NTT_ID, BBS_ID, NTT_NO, NTT_SJ, NTT_CN, ANSWER_AT, PARNTSCTT_NO, ANSWER_LC, SORT_ORDR, RDCNT, USE_AT, NTCE_BGNDE, NTCE_ENDDE, NTCR_ID, NTCR_NM, PASSWORD, ATCH_FILE_ID, FRST_REGIST_PNTTM, FRST_REGISTER_ID, LAST_UPDT_PNTTM, LAST_UPDUSR_ID) VALUES (3, 'BBSMSTR_AAAAAAAAAAAA', 3, '홈페이지 샘플공지3', '홈페이지 샘플공지3', 'N', 0, 0, 2, 0, 'Y', '10000101', '99991231', '', '', '', null, '2011-08-31 12:00:00.000000000', 'USRCNFRM_00000000000', null, null);
INSERT INTO TB_BBS (NTT_ID, BBS_ID, NTT_NO, NTT_SJ, NTT_CN, ANSWER_AT, PARNTSCTT_NO, ANSWER_LC, SORT_ORDR, RDCNT, USE_AT, NTCE_BGNDE, NTCE_ENDDE, NTCR_ID, NTCR_NM, PASSWORD, ATCH_FILE_ID, FRST_REGIST_PNTTM, FRST_REGISTER_ID, LAST_UPDT_PNTTM, LAST_UPDUSR_ID) VALUES (4, 'BBSMSTR_AAAAAAAAAAAA', 4, '홈페이지 샘플공지4', '홈페이지 샘플공지4', 'N', 0, 0, 2, 0, 'Y', '10000101', '99991231', '', '', '', null, '2011-08-31 12:00:00.000000000', 'USRCNFRM_00000000000', null, null);
INSERT INTO TB_BBS (NTT_ID, BBS_ID, NTT_NO, NTT_SJ, NTT_CN, ANSWER_AT, PARNTSCTT_NO, ANSWER_LC, SORT_ORDR, RDCNT, USE_AT, NTCE_BGNDE, NTCE_ENDDE, NTCR_ID, NTCR_NM, PASSWORD, ATCH_FILE_ID, FRST_REGIST_PNTTM, FRST_REGISTER_ID, LAST_UPDT_PNTTM, LAST_UPDUSR_ID) VALUES (5, 'BBSMSTR_AAAAAAAAAAAA', 5, '홈페이지 샘플공지5', '홈페이지 샘플공지5', 'N', 0, 0, 2, 0, 'Y', '10000101', '99991231', '', '', '', null, '2011-08-31 12:00:00.000000000', 'USRCNFRM_00000000000', null, null);
INSERT INTO TB_BBS (NTT_ID, BBS_ID, NTT_NO, NTT_SJ, NTT_CN, ANSWER_AT, PARNTSCTT_NO, ANSWER_LC, SORT_ORDR, RDCNT, USE_AT, NTCE_BGNDE, NTCE_ENDDE, NTCR_ID, NTCR_NM, PASSWORD, ATCH_FILE_ID, FRST_REGIST_PNTTM, FRST_REGISTER_ID, LAST_UPDT_PNTTM, LAST_UPDUSR_ID) VALUES (6, 'BBSMSTR_BBBBBBBBBBBB', 1, '홈페이지 샘플게시1', '홈페이지 샘플게시1', 'N', 0, 0, 2, 0, 'Y', '10000101', '99991231', '', '', '', null, '2011-08-31 12:00:00.000000000', 'USRCNFRM_00000000000', null, null);
INSERT INTO TB_BBS (NTT_ID, BBS_ID, NTT_NO, NTT_SJ, NTT_CN, ANSWER_AT, PARNTSCTT_NO, ANSWER_LC, SORT_ORDR, RDCNT, USE_AT, NTCE_BGNDE, NTCE_ENDDE, NTCR_ID, NTCR_NM, PASSWORD, ATCH_FILE_ID, FRST_REGIST_PNTTM, FRST_REGISTER_ID, LAST_UPDT_PNTTM, LAST_UPDUSR_ID) VALUES (7, 'BBSMSTR_BBBBBBBBBBBB', 2, '홈페이지 샘플게시2', '홈페이지 샘플게시2', 'N', 0, 0, 2, 0, 'Y', '10000101', '99991231', '', '', '', null, '2011-08-31 12:00:00.000000000', 'USRCNFRM_00000000000', null, null);
INSERT INTO TB_BBS (NTT_ID, BBS_ID, NTT_NO, NTT_SJ, NTT_CN, ANSWER_AT, PARNTSCTT_NO, ANSWER_LC, SORT_ORDR, RDCNT, USE_AT, NTCE_BGNDE, NTCE_ENDDE, NTCR_ID, NTCR_NM, PASSWORD, ATCH_FILE_ID, FRST_REGIST_PNTTM, FRST_REGISTER_ID, LAST_UPDT_PNTTM, LAST_UPDUSR_ID) VALUES (8, 'BBSMSTR_BBBBBBBBBBBB', 3, '홈페이지 샘플게시3', '홈페이지 샘플게시3', 'N', 0, 0, 2, 0, 'Y', '10000101', '99991231', '', '', '', null, '2011-08-31 12:00:00.000000000', 'USRCNFRM_00000000000', null, null);
INSERT INTO TB_BBS (NTT_ID, BBS_ID, NTT_NO, NTT_SJ, NTT_CN, ANSWER_AT, PARNTSCTT_NO, ANSWER_LC, SORT_ORDR, RDCNT, USE_AT, NTCE_BGNDE, NTCE_ENDDE, NTCR_ID, NTCR_NM, PASSWORD, ATCH_FILE_ID, FRST_REGIST_PNTTM, FRST_REGISTER_ID, LAST_UPDT_PNTTM, LAST_UPDUSR_ID) VALUES (9, 'BBSMSTR_BBBBBBBBBBBB', 4, '홈페이지 샘플게시4', '홈페이지 샘플게시4', 'N', 0, 0, 2, 0, 'Y', '10000101', '99991231', '', '', '', null, '2011-08-31 12:00:00.000000000', 'USRCNFRM_00000000000', null, null);
INSERT INTO TB_BBS (NTT_ID, BBS_ID, NTT_NO, NTT_SJ, NTT_CN, ANSWER_AT, PARNTSCTT_NO, ANSWER_LC, SORT_ORDR, RDCNT, USE_AT, NTCE_BGNDE, NTCE_ENDDE, NTCR_ID, NTCR_NM, PASSWORD, ATCH_FILE_ID, FRST_REGIST_PNTTM, FRST_REGISTER_ID, LAST_UPDT_PNTTM, LAST_UPDUSR_ID) VALUES (10, 'BBSMSTR_BBBBBBBBBBBB', 5, '홈페이지 샘플게시5', '홈페이지 샘플게시5', 'N', 0, 0, 2, 0, 'Y', '10000101', '99991231', '', '', '', null, '2011-08-31 12:00:00.000000000', 'USRCNFRM_00000000000', null, null);
INSERT INTO TB_CMMN_CODE (CODE_ID, CODE_ID_NM, CODE_ID_DC, USE_AT, CL_CODE, FRST_REGIST_PNTTM, FRST_REGISTER_ID, LAST_UPDT_PNTTM, LAST_UPDUSR_ID) VALUES ('COM028', 'Q&A처리상태', 'Q&A 처리상태 구분', 'Y', 'LET', '2011-08-31 00:00:00.000000000', 'SYSTEM', '2011-08-31 00:00:00.000000000', 'SYSTEM');
INSERT INTO TB_CMMN_DETAIL_CODE (CODE_ID, CODE, CODE_NM, CODE_DC, USE_AT, FRST_REGIST_PNTTM, FRST_REGISTER_ID, LAST_UPDT_PNTTM, LAST_UPDUSR_ID) VALUES ('COM028', '1', '접수', '접수', 'Y', '2011-08-31 00:00:00.000000000', 'SYSTEM', '2011-08-31 00:00:00.000000000', 'SYSTEM');
INSERT INTO TB_CMMN_DETAIL_CODE (CODE_ID, CODE, CODE_NM, CODE_DC, USE_AT, FRST_REGIST_PNTTM, FRST_REGISTER_ID, LAST_UPDT_PNTTM, LAST_UPDUSR_ID) VALUES ('COM028', '2', '처리중', '처리중', 'Y', '2011-08-31 00:00:00.000000000', 'SYSTEM', '2011-08-31 00:00:00.000000000', 'SYSTEM');
INSERT INTO TB_CMMN_DETAIL_CODE (CODE_ID, CODE, CODE_NM, CODE_DC, USE_AT, FRST_REGIST_PNTTM, FRST_REGISTER_ID, LAST_UPDT_PNTTM, LAST_UPDUSR_ID) VALUES ('COM028', '3', '처리완료', '처리완료', 'Y', '2011-08-31 00:00:00.000000000', 'SYSTEM', '2011-08-31 00:00:00.000000000', 'SYSTEM');
INSERT INTO COMTECOPSEQ (TABLE_NAME, NEXT_ID) VALUES ('NTT_ID', 10);
INSERT INTO COMTECOPSEQ (TABLE_NAME, NEXT_ID) VALUES ('FAQ_ID', 3);
INSERT INTO COMTECOPSEQ (TABLE_NAME, NEXT_ID) VALUES ('QA_ID', 3);
INSERT INTO TB_FAQ_INFO (FAQ_ID, QESTN_SJ, QESTN_CN, ANSWER_CN, RDCNT, ATCH_FILE_ID, FRST_REGIST_PNTTM, FRST_REGISTER_ID, LAST_UPDT_PNTTM, LAST_UPDUSR_ID) VALUES ('FAQ_0000000000000001', '회원가입은 어떻게 하나요?', '회원가입 절차가 궁금합니다.', '메인 화면 우측 상단의 회원가입 메뉴를 통해 가입하실 수 있습니다.', 5, null, '2024-07-31 00:00:00.000000000', 'admin', null, null);
INSERT INTO TB_FAQ_INFO (FAQ_ID, QESTN_SJ, QESTN_CN, ANSWER_CN, RDCNT, ATCH_FILE_ID, FRST_REGIST_PNTTM, FRST_REGISTER_ID, LAST_UPDT_PNTTM, LAST_UPDUSR_ID) VALUES ('FAQ_0000000000000002', '비밀번호를 잊어버렸어요.', '비밀번호 분실 시 어떻게 하나요?', '로그인 화면의 비밀번호 찾기를 이용하시면 임시 비밀번호가 발급됩니다.', 3, null, '2024-07-31 00:00:00.000000000', 'admin', null, null);
INSERT INTO TB_QA_INFO (QA_ID, QESTN_SJ, QESTN_CN, WRITNG_PASSWORD, AREA_NO, MIDDLE_TELNO, END_TELNO, EMAIL_ADRES, EMAIL_ANSWER_AT, WRTER_NM, WRITNG_DE, RDCNT, QNA_PROCESS_STTUS_CODE, ANSWER_CN, ANSWER_DE, ATCH_FILE_ID, FRST_REGIST_PNTTM, FRST_REGISTER_ID, LAST_UPDT_PNTTM, LAST_UPDUSR_ID) VALUES ('QA_00000000000000001', '서비스 이용 문의', '서비스 이용 시간이 어떻게 되나요?', '', '02', '1234', '5678', 'user@example.com', 'N', '홍길동', '20240731', 1, '3', '연중무휴 24시간 이용 가능합니다.', '20240801', '', '2024-07-31 00:00:00.000000000', 'user', null, null);
INSERT INTO TB_QA_INFO (QA_ID, QESTN_SJ, QESTN_CN, WRITNG_PASSWORD, AREA_NO, MIDDLE_TELNO, END_TELNO, EMAIL_ADRES, EMAIL_ANSWER_AT, WRTER_NM, WRITNG_DE, RDCNT, QNA_PROCESS_STTUS_CODE, ANSWER_CN, ANSWER_DE, ATCH_FILE_ID, FRST_REGIST_PNTTM, FRST_REGISTER_ID, LAST_UPDT_PNTTM, LAST_UPDUSR_ID) VALUES ('QA_00000000000000002', '환불 규정 문의', '환불은 어떻게 진행되나요?', '', '02', '2345', '6789', 'user2@example.com', 'N', '김철수', '20240801', 0, '1', null, null, null, '2024-08-01 00:00:00.000000000', 'user', null, null);
INSERT INTO TB_TMPLAT_INFO (TMPLAT_ID, TMPLAT_NM, TMPLAT_COURS, TMPLAT_SE_CODE, USE_AT, FRST_REGIST_PNTTM, FRST_REGISTER_ID, LAST_UPDT_PNTTM, LAST_UPDUSR_ID) VALUES ('TMPLAT_BOARD_DEFAULT', '기본 게시판 템플릿', '/template/default.jsp', 'TMPT01', 'Y', '2011-08-31 00:00:00.000000000', 'SYSTEM', null, null);
INSERT INTO TB_GNRL_MBER (MBER_ID, PASSWORD, MBER_NM, MBER_STTUS, MBER_EMAIL_ADRES, GROUP_ID, SBSCRB_DE, ESNTL_ID, FRST_REGIST_PNTTM, FRST_REGISTER_ID) VALUES ('user1', 'gRFeMeIqWAGxl3UOwS16Ua1pOqAX7Mi8oDPL1QCpKLY=', '홍길동', 'P', 'user1@example.com', 'GROUP_00000000000001', '2024-07-31 00:00:00.000000000', 'USRCNFRM_00000000010', '2024-07-31 00:00:00.000000000', 'SYSTEM');
INSERT INTO TB_AUTHOR_INFO(AUTHOR_CODE,AUTHOR_NM,AUTHOR_DC,AUTHOR_CREAT_DE) VALUES ('ROLE_ADMIN','관리자','관리자','2011-08-11 15:31:59');
INSERT INTO TB_AUTHOR_INFO(AUTHOR_CODE,AUTHOR_NM,AUTHOR_DC,AUTHOR_CREAT_DE) VALUES ('ROLE_ANONYMOUS','오픈기능','오픈기능','2011-08-11 15:31:59');
INSERT INTO TB_AUTHOR_INFO(AUTHOR_CODE,AUTHOR_NM,AUTHOR_DC,AUTHOR_CREAT_DE) VALUES ('ROLE_USER_MEMBER','담당자','회원','2011-08-11 15:31:59');
INSERT INTO TB_ROLES_HIERARCHY(PARNTS_ROLE,CHLDRN_ROLE) VALUES ('ROLE_USER_MEMBER','ROLE_ADMIN');
INSERT INTO TB_ROLES_HIERARCHY(PARNTS_ROLE,CHLDRN_ROLE) VALUES ('ROLE_ANONYMOUS','ROLE_USER_MEMBER');
INSERT INTO TB_ROLE_INFO(ROLE_CODE,ROLE_NM,ROLE_PTTRN,ROLE_DC,ROLE_TY,ROLE_SORT,ROLE_CREAT_DE) VALUES ('cmm-uss-umt','cmm-uss-umt','/cmm/uss/umt/.*.do.*','아이디중복확인','url','1','2011-08-24 0:00');
INSERT INTO TB_ROLE_INFO(ROLE_CODE,ROLE_NM,ROLE_PTTRN,ROLE_DC,ROLE_TY,ROLE_SORT,ROLE_CREAT_DE) VALUES ('cop-bbs','cop-bbs','/cop/bbs/.*.do.*','게시판','url','2','2011-08-24 0:00');
INSERT INTO TB_ROLE_INFO(ROLE_CODE,ROLE_NM,ROLE_PTTRN,ROLE_DC,ROLE_TY,ROLE_SORT,ROLE_CREAT_DE) VALUES ('cop-com','cop-com','/cop/com/.*.do.*','게시판사용','url','3','2011-08-24 0:00');
INSERT INTO TB_ROLE_INFO(ROLE_CODE,ROLE_NM,ROLE_PTTRN,ROLE_DC,ROLE_TY,ROLE_SORT,ROLE_CREAT_DE) VALUES ('sec-gmt','sec-gmt','/sec/gmt/.*.do.*','그룹관리','url','4','2011-08-24 0:00');
INSERT INTO TB_ROLE_INFO(ROLE_CODE,ROLE_NM,ROLE_PTTRN,ROLE_DC,ROLE_TY,ROLE_SORT,ROLE_CREAT_DE) VALUES ('sec-ram','sec-ram','/sec/ram/.*.do.*','권한관리','url','5','2011-08-24 0:00');
INSERT INTO TB_ROLE_INFO(ROLE_CODE,ROLE_NM,ROLE_PTTRN,ROLE_DC,ROLE_TY,ROLE_SORT,ROLE_CREAT_DE) VALUES ('sec-rgm','sec-rgm','/sec/rgm/.*.do.*','권한그룹관리','url','6','2011-08-24 0:00');
INSERT INTO TB_ROLE_INFO(ROLE_CODE,ROLE_NM,ROLE_PTTRN,ROLE_DC,ROLE_TY,ROLE_SORT,ROLE_CREAT_DE) VALUES ('sec-rmt','sec-rmt','/sec/rmt/.*.do.*','롤관리','url','7','2011-08-24 0:00');
INSERT INTO TB_ROLE_INFO(ROLE_CODE,ROLE_NM,ROLE_PTTRN,ROLE_DC,ROLE_TY,ROLE_SORT,ROLE_CREAT_DE) VALUES ('uss-ion-bnr','uss-ion-bnr','/uss/ion/bnr/.*.do.*','배너관리','url','8','2011-08-24 0:00');
INSERT INTO TB_ROLE_INFO(ROLE_CODE,ROLE_NM,ROLE_PTTRN,ROLE_DC,ROLE_TY,ROLE_SORT,ROLE_CREAT_DE) VALUES ('uss-olh-faq','uss-olh-faq','/uss/olh/faq/.*.do.*','FAQ','url','9','2011-08-24 0:00');
INSERT INTO TB_ROLE_INFO(ROLE_CODE,ROLE_NM,ROLE_PTTRN,ROLE_DC,ROLE_TY,ROLE_SORT,ROLE_CREAT_DE) VALUES ('uss-olh-qna','uss-olh-qna','/uss/olh/qna/.*.do.*','QnA','url','10','2011-08-24 0:00');
INSERT INTO TB_ROLE_INFO(ROLE_CODE,ROLE_NM,ROLE_PTTRN,ROLE_DC,ROLE_TY,ROLE_SORT,ROLE_CREAT_DE) VALUES ('uss-olh-qnm','uss-olh-qnm','/uss/olh/qnm/.*.do.*','QnA답변','url','11','2011-08-24 0:00');
INSERT INTO TB_ROLE_INFO(ROLE_CODE,ROLE_NM,ROLE_PTTRN,ROLE_DC,ROLE_TY,ROLE_SORT,ROLE_CREAT_DE) VALUES ('uss-olp-qim','uss-olp-qim','/uss/olp/qim/.*.do.*','항목관리','url','12','2011-08-24 0:00');
INSERT INTO TB_ROLE_INFO(ROLE_CODE,ROLE_NM,ROLE_PTTRN,ROLE_DC,ROLE_TY,ROLE_SORT,ROLE_CREAT_DE) VALUES ('uss-olp-qmc','uss-olp-qmc','/uss/olp/qmc/.*.do.*','설문관리','url','13','2011-08-24 0:00');
INSERT INTO TB_ROLE_INFO(ROLE_CODE,ROLE_NM,ROLE_PTTRN,ROLE_DC,ROLE_TY,ROLE_SORT,ROLE_CREAT_DE) VALUES ('uss-olp-qnn','uss-olp-qnn','/uss/olp/qnn/.*.do.*','설문참여','url','14','2011-08-24 0:00');
INSERT INTO TB_ROLE_INFO(ROLE_CODE,ROLE_NM,ROLE_PTTRN,ROLE_DC,ROLE_TY,ROLE_SORT,ROLE_CREAT_DE) VALUES ('uss-olp-qqm','uss-olp-qqm','/uss/olp/qqm/.*.do.*','문항관리','url','15','2011-08-24 0:00');
INSERT INTO TB_ROLE_INFO(ROLE_CODE,ROLE_NM,ROLE_PTTRN,ROLE_DC,ROLE_TY,ROLE_SORT,ROLE_CREAT_DE) VALUES ('uss-olp-qri','uss-olp-qri','/uss/olp/qri/.*.do.*','설문조사','url','16','2011-08-24 0:00');
INSERT INTO TB_ROLE_INFO(ROLE_CODE,ROLE_NM,ROLE_PTTRN,ROLE_DC,ROLE_TY,ROLE_SORT,ROLE_CREAT_DE) VALUES ('uss-olp-qrm','uss-olp-qrm','/uss/olp/qrm/.*.do.*','응답자관리','url','17','2011-08-24 0:00');
INSERT INTO TB_ROLE_INFO(ROLE_CODE,ROLE_NM,ROLE_PTTRN,ROLE_DC,ROLE_TY,ROLE_SORT,ROLE_CREAT_DE) VALUES ('uss-olp-qtm','uss-olp-qtm','/uss/olp/qtm/.*.do.*','설문템플릿','url','18','2011-08-24 0:00');
INSERT INTO TB_ROLE_INFO(ROLE_CODE,ROLE_NM,ROLE_PTTRN,ROLE_DC,ROLE_TY,ROLE_SORT,ROLE_CREAT_DE) VALUES ('uss-sam-ipm','uss-sam-ipm','/uss/sam/ipm/.*.do.*','개인정보보호정책','url','19','2011-08-24 0:00');
INSERT INTO TB_ROLE_INFO(ROLE_CODE,ROLE_NM,ROLE_PTTRN,ROLE_DC,ROLE_TY,ROLE_SORT,ROLE_CREAT_DE) VALUES ('uss-sam-stp','uss-sam-stp','/uss/sam/stp/.*.do.*','약관','url','20','2011-08-24 0:00');
INSERT INTO TB_ROLE_INFO(ROLE_CODE,ROLE_NM,ROLE_PTTRN,ROLE_DC,ROLE_TY,ROLE_SORT,ROLE_CREAT_DE) VALUES ('uss-umt-cmm','uss-umt-cmm','/uss/umt/cmm/.*.do.*','일반회원가입신청','url','21','2011-08-24 0:00');
INSERT INTO TB_ROLE_INFO(ROLE_CODE,ROLE_NM,ROLE_PTTRN,ROLE_DC,ROLE_TY,ROLE_SORT,ROLE_CREAT_DE) VALUES ('uss-umt-mber','uss-umt-mber','/uss/umt/mber/.*.do.*','일반회원관리','url','22','2011-08-24 0:00');
INSERT INTO TB_AUTHOR_ROLE_RELATE(AUTHOR_CODE,ROLE_CODE,CREAT_DT) VALUES ('ROLE_ADMIN','cmm-uss-umt','2009-08-25 00:00:00');
INSERT INTO TB_AUTHOR_ROLE_RELATE(AUTHOR_CODE,ROLE_CODE,CREAT_DT) VALUES ('ROLE_ADMIN','sec-gmt','2009-08-25 00:00:00');
INSERT INTO TB_AUTHOR_ROLE_RELATE(AUTHOR_CODE,ROLE_CODE,CREAT_DT) VALUES ('ROLE_ADMIN','sec-ram','2009-08-25 00:00:00');
INSERT INTO TB_AUTHOR_ROLE_RELATE(AUTHOR_CODE,ROLE_CODE,CREAT_DT) VALUES ('ROLE_ADMIN','sec-rgm','2009-08-25 00:00:00');
INSERT INTO TB_AUTHOR_ROLE_RELATE(AUTHOR_CODE,ROLE_CODE,CREAT_DT) VALUES ('ROLE_ADMIN','sec-rmt','2009-08-25 00:00:00');
INSERT INTO TB_AUTHOR_ROLE_RELATE(AUTHOR_CODE,ROLE_CODE,CREAT_DT) VALUES ('ROLE_ADMIN','uss-umt-mber','2009-08-25 00:00:00');
INSERT INTO TB_AUTHOR_ROLE_RELATE(AUTHOR_CODE,ROLE_CODE,CREAT_DT) VALUES ('ROLE_ANONYMOUS','cop-bbs','2009-08-25 00:00:00');
INSERT INTO TB_AUTHOR_ROLE_RELATE(AUTHOR_CODE,ROLE_CODE,CREAT_DT) VALUES ('ROLE_ANONYMOUS','uss-olh-faq','2009-08-25 00:00:00');
INSERT INTO TB_AUTHOR_ROLE_RELATE(AUTHOR_CODE,ROLE_CODE,CREAT_DT) VALUES ('ROLE_ANONYMOUS','uss-olh-qna','2009-08-25 00:00:00');
INSERT INTO TB_AUTHOR_ROLE_RELATE(AUTHOR_CODE,ROLE_CODE,CREAT_DT) VALUES ('ROLE_ANONYMOUS','uss-olp-qnn','2009-08-25 00:00:00');
INSERT INTO TB_AUTHOR_ROLE_RELATE(AUTHOR_CODE,ROLE_CODE,CREAT_DT) VALUES ('ROLE_ANONYMOUS','uss-umt-cmm','2009-08-25 00:00:00');
INSERT INTO TB_AUTHOR_ROLE_RELATE(AUTHOR_CODE,ROLE_CODE,CREAT_DT) VALUES ('ROLE_USER_MEMBER','cop-com','2009-08-25 00:00:00');
INSERT INTO TB_AUTHOR_ROLE_RELATE(AUTHOR_CODE,ROLE_CODE,CREAT_DT) VALUES ('ROLE_USER_MEMBER','uss-ion-bnr','2009-08-25 00:00:00');
INSERT INTO TB_AUTHOR_ROLE_RELATE(AUTHOR_CODE,ROLE_CODE,CREAT_DT) VALUES ('ROLE_USER_MEMBER','uss-olh-qnm','2009-08-25 00:00:00');
INSERT INTO TB_AUTHOR_ROLE_RELATE(AUTHOR_CODE,ROLE_CODE,CREAT_DT) VALUES ('ROLE_USER_MEMBER','uss-olp-qim','2009-08-25 00:00:00');
INSERT INTO TB_AUTHOR_ROLE_RELATE(AUTHOR_CODE,ROLE_CODE,CREAT_DT) VALUES ('ROLE_USER_MEMBER','uss-olp-qmc','2009-08-25 00:00:00');
INSERT INTO TB_AUTHOR_ROLE_RELATE(AUTHOR_CODE,ROLE_CODE,CREAT_DT) VALUES ('ROLE_USER_MEMBER','uss-olp-qqm','2009-08-25 00:00:00');
INSERT INTO TB_AUTHOR_ROLE_RELATE(AUTHOR_CODE,ROLE_CODE,CREAT_DT) VALUES ('ROLE_USER_MEMBER','uss-olp-qri','2009-08-25 00:00:00');
INSERT INTO TB_AUTHOR_ROLE_RELATE(AUTHOR_CODE,ROLE_CODE,CREAT_DT) VALUES ('ROLE_USER_MEMBER','uss-olp-qrm','2009-08-25 00:00:00');
INSERT INTO TB_AUTHOR_ROLE_RELATE(AUTHOR_CODE,ROLE_CODE,CREAT_DT) VALUES ('ROLE_USER_MEMBER','uss-olp-qtm','2009-08-25 00:00:00');
INSERT INTO TB_AUTHOR_ROLE_RELATE(AUTHOR_CODE,ROLE_CODE,CREAT_DT) VALUES ('ROLE_USER_MEMBER','uss-sam-ipm','2009-08-25 00:00:00');
INSERT INTO TB_AUTHOR_ROLE_RELATE(AUTHOR_CODE,ROLE_CODE,CREAT_DT) VALUES ('ROLE_USER_MEMBER','uss-sam-stp','2009-08-25 00:00:00');
INSERT INTO TB_ZIP(ZIP, SN, CTPRVN_NM, SIGNGU_NM, EMD_NM, LI_BULD_NM, LNBR_DONG_HO, FRST_REGIST_PNTTM, FRST_REGISTER_ID, LAST_UPDT_PNTTM, LAST_UPDUSR_ID) VALUES ('100775',7381,'서울','중구','무교동','한국정보화진흥원','',SYSDATE(),'SYSTEM',SYSDATE(),'SYSTEM');
INSERT INTO TB_BANNER(BANNER_ID,BANNER_NM,LINK_URL,BANNER_IMAGE,BANNER_DC,REFLCT_AT,FRST_REGISTER_ID,FRST_REGIST_PNTTM,BANNER_IMAGE_FILE,SORT_ORDR,BANNER_TY,EXPSR_BGNDE,EXPSR_ENDDE) VALUES ('BANNER_0000000000001','전자정부 표준프레임워크','https://www.egovframe.go.kr','banner01.png','메인 상단 슬라이드 배너','Y','admin','2026-01-01 00:00:00','banner01.png',1,'MAIN','2026-01-01','2027-12-31');
INSERT INTO TB_BANNER(BANNER_ID,BANNER_NM,LINK_URL,BANNER_IMAGE,BANNER_DC,REFLCT_AT,FRST_REGISTER_ID,FRST_REGIST_PNTTM,BANNER_IMAGE_FILE,SORT_ORDR,BANNER_TY,EXPSR_BGNDE,EXPSR_ENDDE) VALUES ('BANNER_0000000000003','팝업 공지','https://www.egovframe.go.kr','banner01.png','홈 진입 팝업 배너','Y','admin','2026-01-01 00:00:00','banner01.png',1,'POPUP','2026-01-01','2027-12-31');
INSERT INTO TB_BANNER(BANNER_ID,BANNER_NM,LINK_URL,BANNER_IMAGE,BANNER_DC,REFLCT_AT,FRST_REGISTER_ID,FRST_REGIST_PNTTM,BANNER_IMAGE_FILE,SORT_ORDR,BANNER_TY,EXPSR_BGNDE,EXPSR_ENDDE) VALUES ('BANNER_0000000000004','푸터 배너','https://www.egovframe.go.kr','banner02.png','푸터 슬라이드 배너','Y','admin','2026-01-01 00:00:00','banner02.png',1,'FOOTER','2026-01-01','2027-12-31');
INSERT INTO TB_STPLAT_INFO(USE_STPLAT_ID,USE_STPLAT_NM,USE_STPLAT_CN,INFO_PROVD_AGRE_CN,FRST_REGIST_PNTTM,FRST_REGISTER_ID,VER,APLC_DE,REPRSNT_AT,USE_AT) VALUES ('STPLAT_0000000000001','서비스 이용약관','제1조(목적) 본 약관은 전자정부 표준프레임워크 기업업무 공통컴포넌트 이용에 관한 사항을 규정합니다.','개인정보 제공에 동의합니다.','2026-01-01 00:00:00','admin','2.0','20260101','Y','Y');
INSERT INTO TB_INDVDL_INFO_POLICY(INDVDL_INFO_POLICY_ID,INDVDL_INFO_POLICY_CN,INDVDL_INFO_POLICY_AGRE_AT,FRST_REGISTER_ID,FRST_REGIST_PNTTM,INDVDL_INFO_POLICY_NM,VER,APLC_DE,REPRSNT_AT,USE_AT) VALUES ('INDVDL_INFO_00000001','전자정부 표준프레임워크 기업업무 공통컴포넌트(이하 "시스템")는 「개인정보 보호법」에 따라 정보주체의 개인정보를 보호합니다.','Y','admin','2026-01-01 00:00:00','개인정보처리방침','2.0','20260101','Y','Y');
INSERT INTO TB_QESTNR_INFO(QUSTNR_TMPLAT_ID,QESTNR_ID,QUSTNR_SJ,QUSTNR_PURPS,QUSTNR_BGNDE,QUSTNR_ENDDE,FRST_REGIST_PNTTM,FRST_REGISTER_ID) VALUES ('QTMPLA_000000000001','QESTNR_000000000001','포털 만족도 조사','포털 이용 만족도 파악','20240701','20241231','2024-07-31 00:00:00','admin');


-- ============================================================
-- enterprise-biz 전용 시드 (로그/정책/부재) — shtdb.sql 기준 현행화
-- ============================================================
-- 시스템로그 처리구분 공통코드(COM033)
INSERT INTO TB_CMMN_CODE(CODE_ID,CODE_ID_NM,CODE_ID_DC,USE_AT,CL_CODE,FRST_REGIST_PNTTM,FRST_REGISTER_ID,LAST_UPDT_PNTTM,LAST_UPDUSR_ID) VALUES ('COM033','처리구분','시스템로그 처리구분코드','Y','LET','2011-08-31 00:00:00','SYSTEM','2011-08-31 00:00:00','SYSTEM');
INSERT INTO TB_CMMN_DETAIL_CODE(CODE_ID,CODE,CODE_NM,CODE_DC,USE_AT,FRST_REGIST_PNTTM,FRST_REGISTER_ID,LAST_UPDT_PNTTM,LAST_UPDUSR_ID) VALUES ('COM033','C','등록','등록','Y','2011-08-31 00:00:00','SYSTEM','2011-08-31 00:00:00','SYSTEM');
INSERT INTO TB_CMMN_DETAIL_CODE(CODE_ID,CODE,CODE_NM,CODE_DC,USE_AT,FRST_REGIST_PNTTM,FRST_REGISTER_ID,LAST_UPDT_PNTTM,LAST_UPDUSR_ID) VALUES ('COM033','R','조회','조회','Y','2011-08-31 00:00:00','SYSTEM','2011-08-31 00:00:00','SYSTEM');
INSERT INTO TB_CMMN_DETAIL_CODE(CODE_ID,CODE,CODE_NM,CODE_DC,USE_AT,FRST_REGIST_PNTTM,FRST_REGISTER_ID,LAST_UPDT_PNTTM,LAST_UPDUSR_ID) VALUES ('COM033','U','수정','수정','Y','2011-08-31 00:00:00','SYSTEM','2011-08-31 00:00:00','SYSTEM');
INSERT INTO TB_CMMN_DETAIL_CODE(CODE_ID,CODE,CODE_NM,CODE_DC,USE_AT,FRST_REGIST_PNTTM,FRST_REGISTER_ID,LAST_UPDT_PNTTM,LAST_UPDUSR_ID) VALUES ('COM033','D','삭제','삭제','Y','2011-08-31 00:00:00','SYSTEM','2011-08-31 00:00:00','SYSTEM');

-- 접속로그(TB_LOGIN_LOG) 시드
INSERT INTO TB_LOGIN_LOG(LOG_ID,CONECT_MTHD,CONECT_ID,CONECT_IP,ERROR_OCCRRNC_AT,ERROR_CODE,CREAT_DT,FRST_REGIST_PNTTM,FRST_REGISTER_ID) VALUES ('LOGINLOG_0000000001','I','USRCNFRM_00000000000','127.0.0.1','N','','2026-06-16 09:10:00','2026-06-16 09:10:00','admin');
INSERT INTO TB_LOGIN_LOG(LOG_ID,CONECT_MTHD,CONECT_ID,CONECT_IP,ERROR_OCCRRNC_AT,ERROR_CODE,CREAT_DT,FRST_REGIST_PNTTM,FRST_REGISTER_ID) VALUES ('LOGINLOG_0000000002','O','USRCNFRM_00000000000','127.0.0.1','N','','2026-06-16 10:25:00','2026-06-16 10:25:00','admin');
INSERT INTO TB_LOGIN_LOG(LOG_ID,CONECT_MTHD,CONECT_ID,CONECT_IP,ERROR_OCCRRNC_AT,ERROR_CODE,CREAT_DT,FRST_REGIST_PNTTM,FRST_REGISTER_ID) VALUES ('LOGINLOG_0000000003','I','USRCNFRM_00000000001','192.168.0.10','N','','2026-06-15 14:30:00','2026-06-15 14:30:00','user');

-- 시스템로그(TB_SYS_LOG) 시드
INSERT INTO TB_SYS_LOG(REQUST_ID,OCCRRNC_DE,SVC_NM,METHOD_NM,PROCESS_SE_CODE,PROCESS_TIME,RQESTER_ID,RQESTER_IP,FRST_REGIST_PNTTM,FRST_REGISTER_ID) VALUES ('SYSLOG_00000000001','20260616','EgovBBSManageService','selectBoardList','R','120','USRCNFRM_00000000000','127.0.0.1','2026-06-16 09:11:00','admin');
INSERT INTO TB_SYS_LOG(REQUST_ID,OCCRRNC_DE,SVC_NM,METHOD_NM,PROCESS_SE_CODE,PROCESS_TIME,RQESTER_ID,RQESTER_IP,FRST_REGIST_PNTTM,FRST_REGISTER_ID) VALUES ('SYSLOG_00000000002','20260616','EgovBBSManageService','insertBoardArticle','C','340','USRCNFRM_00000000000','127.0.0.1','2026-06-16 09:20:00','admin');
INSERT INTO TB_SYS_LOG(REQUST_ID,OCCRRNC_DE,SVC_NM,METHOD_NM,PROCESS_SE_CODE,PROCESS_TIME,RQESTER_ID,RQESTER_IP,FRST_REGIST_PNTTM,FRST_REGISTER_ID) VALUES ('SYSLOG_00000000003','20260615','EgovMberManageService','updateMber','U','210','USRCNFRM_00000000001','192.168.0.10','2026-06-15 14:40:00','user');

-- 접속통계(TB_CONECT_LOG) 서비스별 시드
INSERT INTO TB_CONECT_LOG(LOG_ID,SRVC_NM,METHOD_NM,OCCRRNC_DE,CREAT_CO,UPDT_CO,RDCNT,DELETE_CO,OUTPT_CO,ERROR_CO,CONECT_ID,CONECT_IP,CONECT_MTHD,ERROR_OCCRRNC_AT,ERROR_CODE,CREAT_DT,FRST_REGIST_PNTTM,FRST_REGISTER_ID) VALUES (1,'EgovBoardService','selectBoardList','20250105',12,3,40,1,0,0,'admin','127.0.0.1','S','N',NULL,'2025-01-05 09:10:00','2025-01-05 09:10:00','admin');
INSERT INTO TB_CONECT_LOG(LOG_ID,SRVC_NM,METHOD_NM,OCCRRNC_DE,CREAT_CO,UPDT_CO,RDCNT,DELETE_CO,OUTPT_CO,ERROR_CO,CONECT_ID,CONECT_IP,CONECT_MTHD,ERROR_OCCRRNC_AT,ERROR_CODE,CREAT_DT,FRST_REGIST_PNTTM,FRST_REGISTER_ID) VALUES (2,'EgovBoardService','insertBoardArticle','20250220',5,2,10,0,1,0,'test1','127.0.0.1','S','N',NULL,'2025-02-20 11:00:00','2025-02-20 11:00:00','test1');
INSERT INTO TB_CONECT_LOG(LOG_ID,SRVC_NM,METHOD_NM,OCCRRNC_DE,CREAT_CO,UPDT_CO,RDCNT,DELETE_CO,OUTPT_CO,ERROR_CO,CONECT_ID,CONECT_IP,CONECT_MTHD,ERROR_OCCRRNC_AT,ERROR_CODE,CREAT_DT,FRST_REGIST_PNTTM,FRST_REGISTER_ID) VALUES (3,'EgovUserService','selectUserList','20250318',8,0,25,0,0,1,'admin','127.0.0.1','S','Y','500','2025-03-18 14:30:00','2025-03-18 14:30:00','admin');
INSERT INTO TB_CONECT_LOG(LOG_ID,SRVC_NM,METHOD_NM,OCCRRNC_DE,CREAT_CO,UPDT_CO,RDCNT,DELETE_CO,OUTPT_CO,ERROR_CO,CONECT_ID,CONECT_IP,CONECT_MTHD,ERROR_OCCRRNC_AT,ERROR_CODE,CREAT_DT,FRST_REGIST_PNTTM,FRST_REGISTER_ID) VALUES (4,'EgovUserService','updateUser','20250412',3,7,18,2,0,0,'test1','127.0.0.1','S','N',NULL,'2025-04-12 16:05:00','2025-04-12 16:05:00','test1');
INSERT INTO TB_CONECT_LOG(LOG_ID,SRVC_NM,METHOD_NM,OCCRRNC_DE,CREAT_CO,UPDT_CO,RDCNT,DELETE_CO,OUTPT_CO,ERROR_CO,CONECT_ID,CONECT_IP,CONECT_MTHD,ERROR_OCCRRNC_AT,ERROR_CODE,CREAT_DT,FRST_REGIST_PNTTM,FRST_REGISTER_ID) VALUES (5,'EgovStatsService','selectConectStats','20250510',0,0,33,0,4,0,'admin','127.0.0.1','S','N',NULL,'2025-05-10 10:45:00','2025-05-10 10:45:00','admin');
INSERT INTO TB_CONECT_LOG(LOG_ID,SRVC_NM,METHOD_NM,OCCRRNC_DE,CREAT_CO,UPDT_CO,RDCNT,DELETE_CO,OUTPT_CO,ERROR_CO,CONECT_ID,CONECT_IP,CONECT_MTHD,ERROR_OCCRRNC_AT,ERROR_CODE,CREAT_DT,FRST_REGIST_PNTTM,FRST_REGISTER_ID) VALUES (6,'EgovBoardService','selectBoardList','20250612',20,5,60,3,2,1,'test1','127.0.0.1','S','Y','404','2025-06-12 08:20:00','2025-06-12 08:20:00','test1');
INSERT INTO TB_CONECT_LOG(LOG_ID,SRVC_NM,METHOD_NM,OCCRRNC_DE,CREAT_CO,UPDT_CO,RDCNT,DELETE_CO,OUTPT_CO,ERROR_CO,CONECT_ID,CONECT_IP,CONECT_MTHD,ERROR_OCCRRNC_AT,ERROR_CODE,CREAT_DT,FRST_REGIST_PNTTM,FRST_REGISTER_ID) VALUES (7,'EgovFileService','selectFileList','20250612',2,1,9,0,0,0,'admin','127.0.0.1','S','N',NULL,'2025-06-12 13:15:00','2025-06-12 13:15:00','admin');

-- 로그인정책(TB_LOGIN_POLICY) 시드
INSERT INTO TB_LOGIN_POLICY(EMPLYR_ID,IP_INFO,DPLCT_PERM_AT,LMTT_AT,FRST_REGIST_PNTTM,FRST_REGISTER_ID,LAST_UPDT_PNTTM,LAST_UPDUSR_ID) VALUES ('admin','192.168.0.1','Y','N',CURRENT_TIMESTAMP,'admin',CURRENT_TIMESTAMP,'admin');
INSERT INTO TB_LOGIN_POLICY(EMPLYR_ID,IP_INFO,DPLCT_PERM_AT,LMTT_AT,FRST_REGIST_PNTTM,FRST_REGISTER_ID,LAST_UPDT_PNTTM,LAST_UPDUSR_ID) VALUES ('user','127.0.0.1','Y','Y',CURRENT_TIMESTAMP,'admin',CURRENT_TIMESTAMP,'admin');

-- 사용자부재(TB_USER_ABSNCE) 시드
INSERT INTO TB_USER_ABSNCE(EMPLYR_ID,USER_ABSNCE_AT,FRST_REGIST_PNTTM,FRST_REGISTER_ID,LAST_UPDT_PNTTM,LAST_UPDUSR_ID) VALUES ('admin','N',CURRENT_TIMESTAMP,'admin',CURRENT_TIMESTAMP,'admin');
INSERT INTO TB_USER_ABSNCE(EMPLYR_ID,USER_ABSNCE_AT,FRST_REGIST_PNTTM,FRST_REGISTER_ID,LAST_UPDT_PNTTM,LAST_UPDUSR_ID) VALUES ('user','Y',CURRENT_TIMESTAMP,'admin',CURRENT_TIMESTAMP,'admin');

-- TB_PROGRM_LIST 시드: 메뉴 등록 시 PROGRM_FILE_NM 참조용 프로그램 목록 (oracle 정본과 동일 100건) / 2026.06.25 구재호 메뉴 등록 반려 문제 해소
INSERT INTO TB_PROGRM_LIST(PROGRM_FILE_NM,PROGRM_STRE_PATH,PROGRM_KOREAN_NM,PROGRM_DC,URL) VALUES ('dir','/','디렉토리','디렉토리','/');
INSERT INTO TB_PROGRM_LIST(PROGRM_FILE_NM,PROGRM_STRE_PATH,PROGRM_KOREAN_NM,PROGRM_DC,URL) VALUES ('EgovAuthorGroupManage','/sec/rgm/','권한그룹관리','권한그룹관리','/sec/rgm/EgovAuthorGroupInsert.do');
INSERT INTO TB_PROGRM_LIST(PROGRM_FILE_NM,PROGRM_STRE_PATH,PROGRM_KOREAN_NM,PROGRM_DC,URL) VALUES ('EgovAuthorInsert','/sec/ram/','권한등록','권한등록','/sec/ram/EgovAuthorInsertView.do');
INSERT INTO TB_PROGRM_LIST(PROGRM_FILE_NM,PROGRM_STRE_PATH,PROGRM_KOREAN_NM,PROGRM_DC,URL) VALUES ('EgovAuthorManage','/sec/ram/','권한관리','권한관리','/sec/ram/EgovAuthorList.do');
INSERT INTO TB_PROGRM_LIST(PROGRM_FILE_NM,PROGRM_STRE_PATH,PROGRM_KOREAN_NM,PROGRM_DC,URL) VALUES ('EgovAuthorRoleManage','/sec/ram/','권한 롤 관리','권한 롤 관리','/sec/rgm/EgovAuthorGroupListView.do');
INSERT INTO TB_PROGRM_LIST(PROGRM_FILE_NM,PROGRM_STRE_PATH,PROGRM_KOREAN_NM,PROGRM_DC,URL) VALUES ('EgovAuthorUpdt','/sec/ram/','권한수정','권한수정','/sec/ram/EgovAuthor.do');
INSERT INTO TB_PROGRM_LIST(PROGRM_FILE_NM,PROGRM_STRE_PATH,PROGRM_KOREAN_NM,PROGRM_DC,URL) VALUES ('EgovBannerList','/uss/ion/bnr/','배너관리','배너관리','/uss/ion/bnr/selectBannerList.do');
INSERT INTO TB_PROGRM_LIST(PROGRM_FILE_NM,PROGRM_STRE_PATH,PROGRM_KOREAN_NM,PROGRM_DC,URL) VALUES ('EgovBannerRegist','/uss/ion/bnr/','배너등록','배너등록','/uss/ion/bnr/addViewBanner.do');
INSERT INTO TB_PROGRM_LIST(PROGRM_FILE_NM,PROGRM_STRE_PATH,PROGRM_KOREAN_NM,PROGRM_DC,URL) VALUES ('EgovBannerUpdt','/uss/ion/bnr/','배너수정','배너수정','/uss/ion/bnr/updtBanner.do');
INSERT INTO TB_PROGRM_LIST(PROGRM_FILE_NM,PROGRM_STRE_PATH,PROGRM_KOREAN_NM,PROGRM_DC,URL) VALUES ('EgovBoardMstrList','/cop/bbs/','게시판 목록조회','게시판 목록조회','/cop/bbs/SelectBBSMasterInfs.do');
INSERT INTO TB_PROGRM_LIST(PROGRM_FILE_NM,PROGRM_STRE_PATH,PROGRM_KOREAN_NM,PROGRM_DC,URL) VALUES ('EgovBoardMstrRegist','/cop/bbs/','게시판 생성','게시판 생성','/cop/bbs/addBBSMaster.do');
INSERT INTO TB_PROGRM_LIST(PROGRM_FILE_NM,PROGRM_STRE_PATH,PROGRM_KOREAN_NM,PROGRM_DC,URL) VALUES ('EgovBoardMstrUpdt','/cop/bbs/','게시판 수정','게시판 수정','/cop/bbs/SelectBBSMasterInf.do');
INSERT INTO TB_PROGRM_LIST(PROGRM_FILE_NM,PROGRM_STRE_PATH,PROGRM_KOREAN_NM,PROGRM_DC,URL) VALUES ('EgovBoardUseInfInqire','/cop/com/','게시판사용여부 상세조회','게시판사용여부 상세조회','/cop/com/selectBBSUseInf.do');
INSERT INTO TB_PROGRM_LIST(PROGRM_FILE_NM,PROGRM_STRE_PATH,PROGRM_KOREAN_NM,PROGRM_DC,URL) VALUES ('EgovBoardUseInfList','/cop/com/','게시판사용여부 목록 조회','게시판사용여부 목록 조회','/cop/com/selectBBSUseInfs.do');
INSERT INTO TB_PROGRM_LIST(PROGRM_FILE_NM,PROGRM_STRE_PATH,PROGRM_KOREAN_NM,PROGRM_DC,URL) VALUES ('EgovBoardUseInfRegist','/cop/com/','게시판사용여부 등록','게시판사용여부 등록','/cop/com/addBBSUseInf.do');
INSERT INTO TB_PROGRM_LIST(PROGRM_FILE_NM,PROGRM_STRE_PATH,PROGRM_KOREAN_NM,PROGRM_DC,URL) VALUES ('EgovEgovMinwonRequest','/','민원신청','민원신청','/EgovPageLink.do?linkIndex=1');
INSERT INTO TB_PROGRM_LIST(PROGRM_FILE_NM,PROGRM_STRE_PATH,PROGRM_KOREAN_NM,PROGRM_DC,URL) VALUES ('EgovEgovMinwonResult','/','민원결과확인','민원결과확인','/EgovPageLink.do?linkIndex=2');
INSERT INTO TB_PROGRM_LIST(PROGRM_FILE_NM,PROGRM_STRE_PATH,PROGRM_KOREAN_NM,PROGRM_DC,URL) VALUES ('EgovFaqCnRegist','/uss/olh/faq/','FAQ내용등록','FAQ내용등록','/uss/olh/faq/FaqCnRegistView.do');
INSERT INTO TB_PROGRM_LIST(PROGRM_FILE_NM,PROGRM_STRE_PATH,PROGRM_KOREAN_NM,PROGRM_DC,URL) VALUES ('EgovFaqCnUpdt','/uss/olh/faq/','FAQ내용수정','FAQ내용수정','/uss/olh/faq/FaqCnUpdtView.do');
INSERT INTO TB_PROGRM_LIST(PROGRM_FILE_NM,PROGRM_STRE_PATH,PROGRM_KOREAN_NM,PROGRM_DC,URL) VALUES ('EgovFaqDetailInqire','/uss/olh/faq/','FAQ상세조회','FAQ상세조회','/uss/olh/faq/FaqInqireCoUpdt.do');
INSERT INTO TB_PROGRM_LIST(PROGRM_FILE_NM,PROGRM_STRE_PATH,PROGRM_KOREAN_NM,PROGRM_DC,URL) VALUES ('EgovFaqListInqire','/uss/olh/faq/','FAQ목록조회','FAQ목록조회','/uss/olh/faq/FaqListInqire.do');
INSERT INTO TB_PROGRM_LIST(PROGRM_FILE_NM,PROGRM_STRE_PATH,PROGRM_KOREAN_NM,PROGRM_DC,URL) VALUES ('EgovFaqListInqireAdmin','/uss/olh/faq/admin/','FAQ관리목록조회','FAQ관리목록조회','/uss/olh/faq/admin/FaqListInqire.do');
INSERT INTO TB_PROGRM_LIST(PROGRM_FILE_NM,PROGRM_STRE_PATH,PROGRM_KOREAN_NM,PROGRM_DC,URL) VALUES ('EgovGroupInsert','/sec/gmt/','그룹등록','그룹등록','/sec/gmt/EgovGroupInsertView.do');
INSERT INTO TB_PROGRM_LIST(PROGRM_FILE_NM,PROGRM_STRE_PATH,PROGRM_KOREAN_NM,PROGRM_DC,URL) VALUES ('EgovGroupManage','/sec/gmt/','그룹관리','그룹관리','/sec/gmt/EgovGroupList.do');
INSERT INTO TB_PROGRM_LIST(PROGRM_FILE_NM,PROGRM_STRE_PATH,PROGRM_KOREAN_NM,PROGRM_DC,URL) VALUES ('EgovGroupUpdt','/sec/gmt/','그룹수정','그룹수정','/sec/gmt/EgovGroup.do');
INSERT INTO TB_PROGRM_LIST(PROGRM_FILE_NM,PROGRM_STRE_PATH,PROGRM_KOREAN_NM,PROGRM_DC,URL) VALUES ('EgovIdDplctCnfirm','/cmm/uss/umt/','아이디중복확인','아이디중복확인','/cmm/uss/umt/EgovIdDplctCnfirm.do');
INSERT INTO TB_PROGRM_LIST(PROGRM_FILE_NM,PROGRM_STRE_PATH,PROGRM_KOREAN_NM,PROGRM_DC,URL) VALUES ('EgovIndvdlInfoPolicyDetail','/uss/sam/ipm/','개인정보보호정책 상세조회','개인정보보호정책 상세조회','/uss/sam/ipm/detailIndvdlInfoPolicy.do');
INSERT INTO TB_PROGRM_LIST(PROGRM_FILE_NM,PROGRM_STRE_PATH,PROGRM_KOREAN_NM,PROGRM_DC,URL) VALUES ('EgovIndvdlInfoPolicyList','/uss/sam/ipm/','개인정보보호정책 목록조회','개인정보보호정책 목록조회','/uss/sam/ipm/listIndvdlInfoPolicy.do');
INSERT INTO TB_PROGRM_LIST(PROGRM_FILE_NM,PROGRM_STRE_PATH,PROGRM_KOREAN_NM,PROGRM_DC,URL) VALUES ('EgovIndvdlInfoPolicyRegist','/uss/sam/ipm/','개인정보보호정책 등록','개인정보보호정책 등록','/uss/sam/ipm/registIndvdlInfoPolicy.do');
INSERT INTO TB_PROGRM_LIST(PROGRM_FILE_NM,PROGRM_STRE_PATH,PROGRM_KOREAN_NM,PROGRM_DC,URL) VALUES ('EgovIndvdlInfoPolicyUpdt','/uss/sam/ipm/','개인정보보호정책 수정','개인정보보호정책 수정','/uss/sam/ipm/updtIndvdlInfoPolicy.do');
INSERT INTO TB_PROGRM_LIST(PROGRM_FILE_NM,PROGRM_STRE_PATH,PROGRM_KOREAN_NM,PROGRM_DC,URL) VALUES ('EgovInfoFree','/cop/bbs/','자유게시판','자유게시판','/cop/bbs/selectBoardList.do?bbsId=BBSMSTR_BBBBBBBBBBBB');
INSERT INTO TB_PROGRM_LIST(PROGRM_FILE_NM,PROGRM_STRE_PATH,PROGRM_KOREAN_NM,PROGRM_DC,URL) VALUES ('EgovInfoFreeAdmin','/cop/bbs/admin/','자유게시판관리','자유게시판관리','/cop/bbs/admin/selectBoardList.do?bbsId=BBSMSTR_BBBBBBBBBBBB');
INSERT INTO TB_PROGRM_LIST(PROGRM_FILE_NM,PROGRM_STRE_PATH,PROGRM_KOREAN_NM,PROGRM_DC,URL) VALUES ('EgovInfoNotice','/cop/bbs/','공지사항','공지사항','/cop/bbs/selectBoardList.do?bbsId=BBSMSTR_AAAAAAAAAAAA');
INSERT INTO TB_PROGRM_LIST(PROGRM_FILE_NM,PROGRM_STRE_PATH,PROGRM_KOREAN_NM,PROGRM_DC,URL) VALUES ('EgovInfoNoticeAdmin','/cop/bbs/admin/','공지사항관리','공지사항관리','/cop/bbs/admin/selectBoardList.do?bbsId=BBSMSTR_AAAAAAAAAAAA');
INSERT INTO TB_PROGRM_LIST(PROGRM_FILE_NM,PROGRM_STRE_PATH,PROGRM_KOREAN_NM,PROGRM_DC,URL) VALUES ('EgovLoginUsr','/uat/uia/','포털사이트 로그인','포털사이트 로그인','/uat/uia/egovLoginUsr.do');
INSERT INTO TB_PROGRM_LIST(PROGRM_FILE_NM,PROGRM_STRE_PATH,PROGRM_KOREAN_NM,PROGRM_DC,URL) VALUES ('EgovMainHome','uat/uia/','포털사이트 메인','포털사이트 메인','/uat/uia/actionMain.do');
INSERT INTO TB_PROGRM_LIST(PROGRM_FILE_NM,PROGRM_STRE_PATH,PROGRM_KOREAN_NM,PROGRM_DC,URL) VALUES ('EgovMberInsert','/uss/umt/mber/','일반회원등록','일반회원등록','/uss/umt/mber/EgovMberInsertView.do');
INSERT INTO TB_PROGRM_LIST(PROGRM_FILE_NM,PROGRM_STRE_PATH,PROGRM_KOREAN_NM,PROGRM_DC,URL) VALUES ('EgovMberManage','/uss/umt/mber/','일반회원관리(조회,삭제)','일반회원관리(조회,삭제)','/uss/umt/mber/EgovMberManage.do');
INSERT INTO TB_PROGRM_LIST(PROGRM_FILE_NM,PROGRM_STRE_PATH,PROGRM_KOREAN_NM,PROGRM_DC,URL) VALUES ('EgovMberPasswordUpdt','/uss/umt/mber/','일반회원암호수정','일반회원암호수정','/uss/umt/mber/EgovMberPasswordUpdtView.do');
INSERT INTO TB_PROGRM_LIST(PROGRM_FILE_NM,PROGRM_STRE_PATH,PROGRM_KOREAN_NM,PROGRM_DC,URL) VALUES ('EgovMberSbscrb','/uss/umt/cmm/','일반회원가입신청','일반회원가입신청','/uss/umt/cmm/EgovMberSbscrbView.do');
INSERT INTO TB_PROGRM_LIST(PROGRM_FILE_NM,PROGRM_STRE_PATH,PROGRM_KOREAN_NM,PROGRM_DC,URL) VALUES ('EgovMberSelectUpdt','/uss/umt/mber/','일반회원상세조회,수정','일반회원상세조회,수정','/uss/umt/mber/EgovMberSelectUpdtView.do');
INSERT INTO TB_PROGRM_LIST(PROGRM_FILE_NM,PROGRM_STRE_PATH,PROGRM_KOREAN_NM,PROGRM_DC,URL) VALUES ('EgovNoticeInqire','/cop/bbs/','게시물조회','게시물조회','/cop/bbs/selectBoardArticle.do');
INSERT INTO TB_PROGRM_LIST(PROGRM_FILE_NM,PROGRM_STRE_PATH,PROGRM_KOREAN_NM,PROGRM_DC,URL) VALUES ('EgovNoticeList','/cop/bbs/','게시물 목록','게시물 목록','/cop/bbs/selectBoardList.do');
INSERT INTO TB_PROGRM_LIST(PROGRM_FILE_NM,PROGRM_STRE_PATH,PROGRM_KOREAN_NM,PROGRM_DC,URL) VALUES ('EgovNoticeRegist','/cop/bbs/','게시물 등록','게시물 등록','/cop/bbs/addBoardArticle.do');
INSERT INTO TB_PROGRM_LIST(PROGRM_FILE_NM,PROGRM_STRE_PATH,PROGRM_KOREAN_NM,PROGRM_DC,URL) VALUES ('EgovNoticeReply','/cop/bbs/','답글 작성','답글 작성','/cop/bbs/addReplyBoardArticle.do');
INSERT INTO TB_PROGRM_LIST(PROGRM_FILE_NM,PROGRM_STRE_PATH,PROGRM_KOREAN_NM,PROGRM_DC,URL) VALUES ('EgovNoticeUpdt','/cop/bbs/','게시물 수정','게시물 수정','/cop/bbs/forUpdateBoardArticle.do');
INSERT INTO TB_PROGRM_LIST(PROGRM_FILE_NM,PROGRM_STRE_PATH,PROGRM_KOREAN_NM,PROGRM_DC,URL) VALUES ('EgovQnaAnswerDetailInqire','/uss/olh/qnm/','QnA답변상세조회','QnA답변상세조회','/uss/olh/qnm/QnaAnswerDetailInqire.do');
INSERT INTO TB_PROGRM_LIST(PROGRM_FILE_NM,PROGRM_STRE_PATH,PROGRM_KOREAN_NM,PROGRM_DC,URL) VALUES ('EgovQnaAnswerListInqire','/uss/olh/qnm/','QnA답변목록조회','QnA답변목록조회','/uss/olh/qnm/QnaAnswerListInqire.do');
INSERT INTO TB_PROGRM_LIST(PROGRM_FILE_NM,PROGRM_STRE_PATH,PROGRM_KOREAN_NM,PROGRM_DC,URL) VALUES ('EgovQnaCnAnswerUpdt','/uss/olh/qnm/','QnA내용답변수정','QnA내용답변수정','/uss/olh/qnm/QnaCnAnswerUpdtView.do');
INSERT INTO TB_PROGRM_LIST(PROGRM_FILE_NM,PROGRM_STRE_PATH,PROGRM_KOREAN_NM,PROGRM_DC,URL) VALUES ('EgovQnaCnRegist','/uss/olh/qna/','QnA내용등록','QnA내용등록','/uss/olh/qna/QnaCnRegistView.do');
INSERT INTO TB_PROGRM_LIST(PROGRM_FILE_NM,PROGRM_STRE_PATH,PROGRM_KOREAN_NM,PROGRM_DC,URL) VALUES ('EgovQnaCnUpdt','/uss/olh/qna/','QnA내용수정','QnA내용수정','/uss/olh/qna/QnaInqireCoUpdt.do');
INSERT INTO TB_PROGRM_LIST(PROGRM_FILE_NM,PROGRM_STRE_PATH,PROGRM_KOREAN_NM,PROGRM_DC,URL) VALUES ('EgovQnaDetailInqire','/uss/olh/qna/','QnA상세조회','QnA상세조회','/uss/olh/qna/QnaInqireCoUpdt.do');
INSERT INTO TB_PROGRM_LIST(PROGRM_FILE_NM,PROGRM_STRE_PATH,PROGRM_KOREAN_NM,PROGRM_DC,URL) VALUES ('EgovQnaListInqire','/uss/olh/qna/','QnA목록조회','QnA목록조회','/uss/olh/qna/QnaListInqire.do');
INSERT INTO TB_PROGRM_LIST(PROGRM_FILE_NM,PROGRM_STRE_PATH,PROGRM_KOREAN_NM,PROGRM_DC,URL) VALUES ('EgovQnaListInqireAdmin','/uss/olh/qna/admin/','QnA관리목록조회','QnA관리목록조회','/uss/olh/qna/admin/QnaListInqire.do');
INSERT INTO TB_PROGRM_LIST(PROGRM_FILE_NM,PROGRM_STRE_PATH,PROGRM_KOREAN_NM,PROGRM_DC,URL) VALUES ('EgovQnaPasswordConfirm','/uss/olh/qna/','QnA작성비밀번호 확인','QnA작성비밀번호 확인','/uss/olh/qna/EgovQnaPasswordConfirm.do');
INSERT INTO TB_PROGRM_LIST(PROGRM_FILE_NM,PROGRM_STRE_PATH,PROGRM_KOREAN_NM,PROGRM_DC,URL) VALUES ('EgovQustnrItemManageDetail','/uss/olp/qim/','항목관리상세조회','항목관리상세조회','/uss/olp/qim/EgovQustnrItemManageDetail.do');
INSERT INTO TB_PROGRM_LIST(PROGRM_FILE_NM,PROGRM_STRE_PATH,PROGRM_KOREAN_NM,PROGRM_DC,URL) VALUES ('EgovQustnrItemManageList','/uss/olp/qim/','항목관리목록','항목관리목록','/uss/olp/qim/EgovQustnrItemManageList.do');
INSERT INTO TB_PROGRM_LIST(PROGRM_FILE_NM,PROGRM_STRE_PATH,PROGRM_KOREAN_NM,PROGRM_DC,URL) VALUES ('EgovQustnrItemManageModify','/uss/olp/qim/','항목관리수정','항목관리수정','/uss/olp/qim/EgovQustnrItemManageModify.do');
INSERT INTO TB_PROGRM_LIST(PROGRM_FILE_NM,PROGRM_STRE_PATH,PROGRM_KOREAN_NM,PROGRM_DC,URL) VALUES ('EgovQustnrItemManageRegist','/uss/olp/qim/','항목관리등록','항목관리등록','/uss/olp/qim/EgovQustnrItemManageRegist.do');
INSERT INTO TB_PROGRM_LIST(PROGRM_FILE_NM,PROGRM_STRE_PATH,PROGRM_KOREAN_NM,PROGRM_DC,URL) VALUES ('EgovQustnrManageDetail','/uss/olp/qmc/','설문관리상세조회','설문관리상세조회','/uss/olp/qmc/EgovQustnrManageDetail.do');
INSERT INTO TB_PROGRM_LIST(PROGRM_FILE_NM,PROGRM_STRE_PATH,PROGRM_KOREAN_NM,PROGRM_DC,URL) VALUES ('EgovQustnrManageList','/uss/olp/qmc/','설문관리목록조회','설문관리목록조회','/uss/olp/qmc/EgovQustnrManageList.do');
INSERT INTO TB_PROGRM_LIST(PROGRM_FILE_NM,PROGRM_STRE_PATH,PROGRM_KOREAN_NM,PROGRM_DC,URL) VALUES ('EgovQustnrManageModify','/uss/olp/qmc/','설문관리수정','설문관리수정','/uss/olp/qmc/EgovQustnrManageModify.do');
INSERT INTO TB_PROGRM_LIST(PROGRM_FILE_NM,PROGRM_STRE_PATH,PROGRM_KOREAN_NM,PROGRM_DC,URL) VALUES ('EgovQustnrManagePopupList','/uss/olp/qmc/','설문관리목록팝업','설문관리목록팝업','/uss/olp/qmc/EgovQustnrManageListPopup.do');
INSERT INTO TB_PROGRM_LIST(PROGRM_FILE_NM,PROGRM_STRE_PATH,PROGRM_KOREAN_NM,PROGRM_DC,URL) VALUES ('EgovQustnrManageRegist','/uss/olp/qmc/','설문관리등록','설문관리등록','/uss/olp/qmc/EgovQustnrManageRegist.do');
INSERT INTO TB_PROGRM_LIST(PROGRM_FILE_NM,PROGRM_STRE_PATH,PROGRM_KOREAN_NM,PROGRM_DC,URL) VALUES ('EgovQustnrQestnManageDetail','/uss/olp/qqm/','문항관리상세조회','문항관리상세조회','/uss/olp/qqm/EgovQustnrQestnManageDetail.do');
INSERT INTO TB_PROGRM_LIST(PROGRM_FILE_NM,PROGRM_STRE_PATH,PROGRM_KOREAN_NM,PROGRM_DC,URL) VALUES ('EgovQustnrQestnManageList','/uss/olp/qqm/','문항관리 목록조회','문항관리 목록조회','/uss/olp/qqm/EgovQustnrQestnManageList.do');
INSERT INTO TB_PROGRM_LIST(PROGRM_FILE_NM,PROGRM_STRE_PATH,PROGRM_KOREAN_NM,PROGRM_DC,URL) VALUES ('EgovQustnrQestnManageListPopup','/uss/olp/qqm/','문항관리 목록 팝업','문항관리 목록 팝업','/uss/olp/qqm/EgovQustnrQestnManageListPopup.do');
INSERT INTO TB_PROGRM_LIST(PROGRM_FILE_NM,PROGRM_STRE_PATH,PROGRM_KOREAN_NM,PROGRM_DC,URL) VALUES ('EgovQustnrQestnManageModify','/uss/olp/qqm/','문항관리수정','문항관리수정','/uss/olp/qqm/EgovQustnrQestnManageModify.do');
INSERT INTO TB_PROGRM_LIST(PROGRM_FILE_NM,PROGRM_STRE_PATH,PROGRM_KOREAN_NM,PROGRM_DC,URL) VALUES ('EgovQustnrQestnManageRegist','/uss/olp/qqm/','문항관리등록','문항관리등록','/uss/olp/qqm/EgovQustnrQestnManageRegist.do');
INSERT INTO TB_PROGRM_LIST(PROGRM_FILE_NM,PROGRM_STRE_PATH,PROGRM_KOREAN_NM,PROGRM_DC,URL) VALUES ('EgovQustnrQestnManageStatistics','/uss/olp/qqm/','문항관리통계','문항관리통계','/uss/olp/qqm/EgovQustnrQestnManageStatistics.do');
INSERT INTO TB_PROGRM_LIST(PROGRM_FILE_NM,PROGRM_STRE_PATH,PROGRM_KOREAN_NM,PROGRM_DC,URL) VALUES ('EgovQustnrRespondInfoDetail','/uss/olp/qri/','설문조사상세조회','설문조사상세조회','/uss/olp/qri/EgovQustnrRespondInfoDetail.do');
INSERT INTO TB_PROGRM_LIST(PROGRM_FILE_NM,PROGRM_STRE_PATH,PROGRM_KOREAN_NM,PROGRM_DC,URL) VALUES ('EgovQustnrRespondInfoList','/uss/olp/qri/','설문조사 목록조회','설문조사 목록조회','/uss/olp/qri/EgovQustnrRespondInfoList.do');
INSERT INTO TB_PROGRM_LIST(PROGRM_FILE_NM,PROGRM_STRE_PATH,PROGRM_KOREAN_NM,PROGRM_DC,URL) VALUES ('EgovQustnrRespondInfoManageList','/uss/olp/qnn/','설문참여목록조회','설문참여목록조회','/uss/olp/qnn/EgovQustnrRespondInfoManageList.do');
INSERT INTO TB_PROGRM_LIST(PROGRM_FILE_NM,PROGRM_STRE_PATH,PROGRM_KOREAN_NM,PROGRM_DC,URL) VALUES ('EgovQustnrRespondInfoManageRegist','/uss/olp/qnn/','설문참여등록','설문참여등록','/uss/olp/qnn/EgovQustnrRespondInfoManageRegist.do');
INSERT INTO TB_PROGRM_LIST(PROGRM_FILE_NM,PROGRM_STRE_PATH,PROGRM_KOREAN_NM,PROGRM_DC,URL) VALUES ('EgovQustnrRespondInfoManageStatistics','/uss/olp/qqm/','설문통계','설문통계','/uss/olp/qqm/EgovQustnrQestnManageStatistics.do');
INSERT INTO TB_PROGRM_LIST(PROGRM_FILE_NM,PROGRM_STRE_PATH,PROGRM_KOREAN_NM,PROGRM_DC,URL) VALUES ('EgovQustnrRespondInfoModify','/uss/olp/qri/','설문조사수정','설문조사수정','/uss/olp/qri/EgovQustnrRespondInfoModify.do');
INSERT INTO TB_PROGRM_LIST(PROGRM_FILE_NM,PROGRM_STRE_PATH,PROGRM_KOREAN_NM,PROGRM_DC,URL) VALUES ('EgovQustnrRespondInfoRegist','/uss/olp/qri/','설문조사등록','설문조사등록','/uss/olp/qri/EgovQustnrRespondInfoRegist.do');
INSERT INTO TB_PROGRM_LIST(PROGRM_FILE_NM,PROGRM_STRE_PATH,PROGRM_KOREAN_NM,PROGRM_DC,URL) VALUES ('EgovQustnrRespondManageDetail','/uss/olp/qrm/','응답자관리 상세조회','응답자관리 상세조회','/uss/olp/qrm/EgovQustnrRespondManageDetail.do');
INSERT INTO TB_PROGRM_LIST(PROGRM_FILE_NM,PROGRM_STRE_PATH,PROGRM_KOREAN_NM,PROGRM_DC,URL) VALUES ('EgovQustnrRespondManageList','/uss/olp/qrm/','응답자관리 목록조회','응답자관리 목록조회','/uss/olp/qrm/EgovQustnrRespondManageList.do');
INSERT INTO TB_PROGRM_LIST(PROGRM_FILE_NM,PROGRM_STRE_PATH,PROGRM_KOREAN_NM,PROGRM_DC,URL) VALUES ('EgovQustnrRespondManageModify','/uss/olp/qrm/','응답자관리 수정','응답자관리 수정','/uss/olp/qrm/EgovQustnrRespondManageModify.do');
INSERT INTO TB_PROGRM_LIST(PROGRM_FILE_NM,PROGRM_STRE_PATH,PROGRM_KOREAN_NM,PROGRM_DC,URL) VALUES ('EgovQustnrRespondManageRegist','/uss/olp/qrm/','응답자관리 등록','응답자관리 등록','/uss/olp/qrm/EgovQustnrRespondManageRegist.do');
INSERT INTO TB_PROGRM_LIST(PROGRM_FILE_NM,PROGRM_STRE_PATH,PROGRM_KOREAN_NM,PROGRM_DC,URL) VALUES ('EgovQustnrTmplatManageDetail','/uss/olp/qtm/','설문템플릿 상세조회','설문템플릿 상세조회','/uss/olp/qtm/EgovQustnrTmplatManageImg.do');
INSERT INTO TB_PROGRM_LIST(PROGRM_FILE_NM,PROGRM_STRE_PATH,PROGRM_KOREAN_NM,PROGRM_DC,URL) VALUES ('EgovQustnrTmplatManageList','/uss/olp/qtm/','설문템플릿 목록조회','설문템플릿 목록조회','/uss/olp/qtm/EgovQustnrTmplatManageList.do');
INSERT INTO TB_PROGRM_LIST(PROGRM_FILE_NM,PROGRM_STRE_PATH,PROGRM_KOREAN_NM,PROGRM_DC,URL) VALUES ('EgovQustnrTmplatManageModify','/uss/olp/qtm/','설문템플릿 수정','설문템플릿 수정','/uss/olp/qtm/EgovQustnrTmplatManageModify.do');
INSERT INTO TB_PROGRM_LIST(PROGRM_FILE_NM,PROGRM_STRE_PATH,PROGRM_KOREAN_NM,PROGRM_DC,URL) VALUES ('EgovQustnrTmplatManageRegist','/uss/olp/qtm/','설문템플릿 등록','설문템플릿 등록','/uss/olp/qtm/EgovQustnrTmplatManageRegist.do');
INSERT INTO TB_PROGRM_LIST(PROGRM_FILE_NM,PROGRM_STRE_PATH,PROGRM_KOREAN_NM,PROGRM_DC,URL) VALUES ('EgovRoleInsert','/sec/rmt/','롤등록','롤등록','/sec/rmt/EgovRoleInsertView.do');
INSERT INTO TB_PROGRM_LIST(PROGRM_FILE_NM,PROGRM_STRE_PATH,PROGRM_KOREAN_NM,PROGRM_DC,URL) VALUES ('EgovRoleManage','/sec/rmt/','롤관리','롤관리','/sec/rmt/EgovRoleList.do');
INSERT INTO TB_PROGRM_LIST(PROGRM_FILE_NM,PROGRM_STRE_PATH,PROGRM_KOREAN_NM,PROGRM_DC,URL) VALUES ('EgovRoleUpdt','/sec/rmt/','롤수정','롤수정','/sec/rmt/EgovRole.do');
INSERT INTO TB_PROGRM_LIST(PROGRM_FILE_NM,PROGRM_STRE_PATH,PROGRM_KOREAN_NM,PROGRM_DC,URL) VALUES ('EgovSiteAddress','/','찾아오시는 길','찾아오시는 길','/EgovPageLink.do?linkIndex=6');
INSERT INTO TB_PROGRM_LIST(PROGRM_FILE_NM,PROGRM_STRE_PATH,PROGRM_KOREAN_NM,PROGRM_DC,URL) VALUES ('EgovSiteHistory','/','연혁','연혁','/EgovPageLink.do?linkIndex=4');
INSERT INTO TB_PROGRM_LIST(PROGRM_FILE_NM,PROGRM_STRE_PATH,PROGRM_KOREAN_NM,PROGRM_DC,URL) VALUES ('EgovSiteInfo','/','사이트 소개','사이트 소개','/EgovPageLink.do?linkIndex=3');
INSERT INTO TB_PROGRM_LIST(PROGRM_FILE_NM,PROGRM_STRE_PATH,PROGRM_KOREAN_NM,PROGRM_DC,URL) VALUES ('EgovSiteOrganization','/','조직소개','조직소개','/EgovPageLink.do?linkIndex=5');
INSERT INTO TB_PROGRM_LIST(PROGRM_FILE_NM,PROGRM_STRE_PATH,PROGRM_KOREAN_NM,PROGRM_DC,URL) VALUES ('EgovStplatCnRegist','/uss/sam/stp/','약관내용등록','약관내용등록','/uss/sam/stp/StplatCnRegistView.do');
INSERT INTO TB_PROGRM_LIST(PROGRM_FILE_NM,PROGRM_STRE_PATH,PROGRM_KOREAN_NM,PROGRM_DC,URL) VALUES ('EgovStplatCnUpdt','/uss/sam/stp/','약관내용수정','약관내용수정','/uss/sam/stp/StplatCnUpdtView.do');
INSERT INTO TB_PROGRM_LIST(PROGRM_FILE_NM,PROGRM_STRE_PATH,PROGRM_KOREAN_NM,PROGRM_DC,URL) VALUES ('EgovStplatDetailInqire','/uss/sam/stp/','약관상세조회','약관상세조회','/uss/sam/stp/StplatDetailInqire.do');
INSERT INTO TB_PROGRM_LIST(PROGRM_FILE_NM,PROGRM_STRE_PATH,PROGRM_KOREAN_NM,PROGRM_DC,URL) VALUES ('EgovStplatListInqire','/uss/sam/stp/','약관목록조회','약관목록조회','/uss/sam/stp/StplatListInqire.do');
INSERT INTO TB_PROGRM_LIST(PROGRM_FILE_NM,PROGRM_STRE_PATH,PROGRM_KOREAN_NM,PROGRM_DC,URL) VALUES ('EgovTemplateInqirePopup','/cop/com/','템플릿 조회팝업','템플릿 조회팝업','/cop/com/EgovTemplateInqirePopup.do');
INSERT INTO TB_PROGRM_LIST(PROGRM_FILE_NM,PROGRM_STRE_PATH,PROGRM_KOREAN_NM,PROGRM_DC,URL) VALUES ('EgovTemplateList','/cop/com/','템플릿 목록 조회','템플릿 목록 조회','/cop/com/selectTemplateInfs.do');
INSERT INTO TB_PROGRM_LIST(PROGRM_FILE_NM,PROGRM_STRE_PATH,PROGRM_KOREAN_NM,PROGRM_DC,URL) VALUES ('EgovTemplateRegist','/cop/com/','템플릿 등록','템플릿 등록','/cop/com/addTemplateInf.do');
INSERT INTO TB_PROGRM_LIST(PROGRM_FILE_NM,PROGRM_STRE_PATH,PROGRM_KOREAN_NM,PROGRM_DC,URL) VALUES ('EgovTemplateUpdt','/cop/com/','템플릿 수정','템플릿 수정','/cop/com/selectTemplateInf.do');

INSERT INTO TB_PROGRM_CHANGE_DTLS (PROGRM_FILE_NM, REQUST_NO, PROGRM_KOREAN_NM, RQESTER_ID, CHANGE_REQUST_CN, REQUST_PROCESS_CN, OPETR_ID, PROCESS_STTUS_CODE, PROCESS_DE, REQUST_DE, REQUST_SJ) VALUES ('EgovProgramListManage.do',1,'프로그램목록관리','admin','목록 페이징 오류 수정 요청','',NULL,'A',NULL,'20250101','목록 페이징 오류');
INSERT INTO TB_PROGRM_CHANGE_DTLS (PROGRM_FILE_NM, REQUST_NO, PROGRM_KOREAN_NM, RQESTER_ID, CHANGE_REQUST_CN, REQUST_PROCESS_CN, OPETR_ID, PROCESS_STTUS_CODE, PROCESS_DE, REQUST_DE, REQUST_SJ) VALUES ('EgovCcmCmmnCodeList.do',1,'공통코드관리','admin','공통코드 검색조건 추가 요청','담당자 배정 후 분석 진행중','admin','P',NULL,'20250115','공통코드 검색조건 추가');
INSERT INTO TB_PROGRM_CHANGE_DTLS (PROGRM_FILE_NM, REQUST_NO, PROGRM_KOREAN_NM, RQESTER_ID, CHANGE_REQUST_CN, REQUST_PROCESS_CN, OPETR_ID, PROCESS_STTUS_CODE, PROCESS_DE, REQUST_DE, REQUST_SJ) VALUES ('EgovMenuManage.do',1,'메뉴목록관리','admin','메뉴 정렬순서 변경 요청','정렬순서 변경 반영 완료','admin','C','20250220','20250201','메뉴 정렬순서 변경');
